,Sector_score,PARA_A,Score_A,Risk_A,PARA_B,Score_B,Risk_B,TOTAL,numbers,Score_B.1,Money_Value,Score_MV,Risk_D,District_Loss,RiSk_E,History,Score,Inherent_Risk,CONTROL_RISK,Audit_Risk,Risk,MONEY_Marks
0,3.89,4.18,0.6,2.508,2.5,0.2,0.5,6.68,5.0,0.2,3.38,0.2,0.676,2,0.4,0,2.4,8.574,0.4,1.7148,1,2
1,3.89,0.0,0.2,0.0,4.83,0.2,0.966,4.83,5.0,0.2,0.94,0.2,0.188,2,0.4,0,2.0,2.554,0.4,0.5108,0,2
2,3.89,0.51,0.2,0.102,0.23,0.2,0.046,0.74,5.0,0.2,0.0,0.2,0.0,2,0.4,0,2.0,1.548,0.4,0.3096,0,2
4,3.89,0.0,0.2,0.0,0.08,0.2,0.016,0.08,5.0,0.2,0.0,0.2,0.0,2,0.4,0,2.0,1.416,0.4,0.2832,0,2
5,3.89,0.0,0.2,0.0,0.83,0.2,0.166,0.83,5.0,0.2,2.95,0.2,0.59,2,0.4,0,2.0,2.156,0.4,0.4312,0,2
6,3.89,1.1,0.4,0.44,7.41,0.4,2.964,8.51,5.0,0.2,44.95,0.6,26.97,2,0.4,0,3.2,31.774,0.4,6.3548,1,6
7,3.89,8.5,0.6,5.1,12.03,0.6,7.218,20.53,5.5,0.4,7.79,0.4,3.116,2,0.4,0,4.2,18.034,0.4,3.6068,1,4
8,3.89,8.4,0.6,5.04,11.05,0.6,6.63,19.45,5.5,0.4,7.34,0.4,2.936,2,0.4,0,4.2,17.206,0.4,3.4412,1,4
9,3.89,3.98,0.6,2.388,0.99,0.2,0.198,4.97,5.0,0.2,1.93,0.2,0.386,2,0.4,0,2.4,4.372,0.4,0.8744,0,2
10,3.89,5.43,0.6,3.258,10.77,0.6,6.462,16.2,5.0,0.2,4.42,0.2,0.884,2,0.4,0,3.6,12.004,0.4,2.4008,1,2
12,3.89,5.47,0.6,3.282,7.63,0.4,3.052,13.1,5.0,0.2,10.43,0.6,6.258,2,0.4,1,3.6,14.392,0.8,5.7568,1,6
13,3.89,1.09,0.4,0.436,0.35,0.2,0.07,1.44,5.0,0.2,0.0,0.2,0.0,2,0.4,0,2.2,1.906,0.4,0.3812,0,2
14,3.89,0.0,0.2,0.0,0.84,0.2,0.168,0.84,5.0,0.2,0.007,0.2,0.0014,2,0.4,0,2.0,1.5694,0.4,0.31388,0,2
15,3.89,1.95,0.4,0.78,9.01,0.4,3.604,10.96,5.0,0.2,9.0,0.4,3.6,2,0.4,0,3.0,9.384,0.4,1.8768,1,4
16,3.89,8.54,0.6,5.124,31.63,0.6,18.978,40.17,5.0,0.2,41.28,0.6,24.768,2,0.4,1,4.2,50.67,0.8,20.268,1,6
17,3.89,4.18,0.6,2.508,4.83,0.2,0.966,9.01,5.5,0.4,14.03,0.6,8.418,2,0.4,0,3.2,14.492,0.4,2.8984,1,6
18,3.89,1.81,0.4,0.724,1.03,0.2,0.206,2.84,5.0,0.2,0.0,0.2,0.0,2,0.4,0,2.2,2.33,0.4,0.466,0,2
19,3.89,4.86,0.6,2.916,46.78,0.6,28.068,51.64,5.5,0.4,63.18,0.6,37.908,2,0.4,0,4.4,71.492,0.4,14.2984,1,6
20,3.89,6.26,0.6,3.756,14.1,0.6,8.46,20.36,5.0,0.2,34.24,0.6,20.544,2,0.4,1,4.2,34.56,0.8,13.824,1,6
21,3.89,0.02,0.2,0.004,5.94,0.4,2.376,5.96,5.0,0.2,0.01,0.2,0.002,2,0.4,0,2.6,3.782,0.4,0.7564,0,2
22,3.89,5.31,0.6,3.186,22.79,0.6,13.674,28.1,5.0,0.2,205.19,0.6,123.114,2,0.4,1,4.2,141.774,0.8,56.7096,1,6
23,3.89,0.94,0.2,0.188,0.01,0.2,0.002,0.95,5.0,0.2,0.1,0.2,0.02,2,0.4,0,2.0,1.61,0.4,0.322,0,2
24,3.89,5.78,0.6,3.468,57.92,0.6,34.752,63.7,5.0,0.2,11.16,0.6,6.696,2,0.4,0,4.0,46.316,0.4,9.2632,1,6
25,3.89,7.42,0.6,4.452,2.24,0.2,0.448,9.66,5.0,0.2,1.25,0.2,0.25,2,0.4,0,2.4,6.55,0.4,1.31,1,2
26,3.89,0.0,0.2,0.0,1.1,0.2,0.22,1.1,5.0,0.2,0.007,0.2,0.0014,2,0.4,0,2.0,1.6214,0.4,0.32428,0,2
27,3.89,6.85,0.6,4.11,31.76,0.6,19.056,38.61,5.0,0.2,1.46,0.2,0.292,2,0.4,0,3.6,24.858,0.4,4.9716,1,2
28,3.89,0.0,0.2,0.0,1.03,0.2,0.206,1.03,5.0,0.2,0.0,0.2,0.0,2,0.4,0,2.0,1.606,0.4,0.3212,0,2
29,3.89,0.0,0.2,0.0,0.75,0.2,0.15,0.75,5.0,0.2,6.78,0.4,2.712,2,0.4,0,2.2,4.262,0.4,0.8524,0,4
30,3.89,2.4,0.6,1.44,16.63,0.6,9.978,19.03,5.0,0.2,1.16,0.2,0.232,2,0.4,0,3.6,13.05,0.4,2.61,1,2
31,3.89,0.0,0.2,0.0,0.05,0.2,0.01,0.05,5.0,0.2,152.41,0.6,91.446,2,0.4,0,2.4,92.856,0.4,18.5712,1,6
32,3.89,0.0,0.2,0.0,1.76,0.2,0.352,1.76,5.0,0.2,1.08,0.2,0.216,2,0.4,0,2.0,1.968,0.4,0.3936,0,2
33,3.89,0.0,0.2,0.0,2.97,0.2,0.594,2.97,5.0,0.2,2.84,0.2,0.568,2,0.4,0,2.0,2.562,0.4,0.5124,0,2
34,3.89,0.0,0.2,0.0,0.43,0.2,0.086,0.43,5.0,0.2,0.0,0.2,0.0,2,0.4,0,2.0,1.486,0.4,0.2972,0,2
35,3.89,0.0,0.2,0.0,0.94,0.2,0.188,0.94,5.0,0.2,0.9,0.2,0.18,2,0.4,0,2.0,1.768,0.4,0.3536,0,2
36,3.89,9.01,0.6,5.406,19.82,0.6,11.892,28.83,5.0,0.2,9.67,0.4,3.868,2,0.4,0,3.8,22.566,0.4,4.5132,1,4
37,3.89,0.0,0.2,0.0,0.05,0.2,0.01,0.05,5.0,0.2,0.0,0.2,0.0,2,0.4,0,2.0,1.41,0.4,0.282,0,2
38,3.89,11.95,0.6,7.17,30.9,0.6,18.54,42.85,5.0,0.2,32.68,0.6,19.608,2,0.4,0,4.0,46.718,0.4,9.3436,1,6
40,3.89,0.0,0.2,0.0,3.71,0.2,0.742,3.71,5.0,0.2,29.63,0.6,17.778,2,0.4,0,2.4,19.92,0.4,3.984,1,6
41,3.89,0.62,0.2,0.124,2.02,0.2,0.404,2.64,5.0,0.2,0.11,0.2,0.022,2,0.4,0,2.0,1.95,0.4,0.39,0,2
42,3.89,0.0,0.2,0.0,2.27,0.2,0.454,2.27,5.0,0.2,2.62,0.2,0.524,2,0.4,0,2.0,2.378,0.4,0.4756,0,2
43,3.89,0.0,0.2,0.0,0.0,0.2,0.0,0.0,5.0,0.2,0.0,0.2,0.0,2,0.4,0,2.0,1.4,0.4,0.28,0,2
44,3.89,1.32,0.4,0.528,0.0,0.2,0.0,1.32,5.0,0.2,0.06,0.2,0.012,2,0.4,0,2.2,1.94,0.4,0.388,0,2
45,3.89,0.0,0.2,0.0,1.03,0.2,0.206,1.03,5.0,0.2,2.43,0.2,0.486,2,0.4,0,2.0,2.092,0.4,0.4184,0,2
46,3.89,0.0,0.2,0.0,15.38,0.6,9.228,15.38,5.0,0.2,126.13,0.6,75.678,2,0.4,0,3.6,86.306,0.4,17.2612,1,6
47,3.89,0.0,0.2,0.0,1.02,0.2,0.204,1.02,5.0,0.2,0.0,0.2,0.0,2,0.4,0,2.0,1.604,0.4,0.3208,0,2
49,3.89,2.95,0.6,1.77,6.56,0.4,2.624,9.51,5.0,0.2,156.92,0.6,94.152,2,0.4,0,3.4,99.946,0.4,19.9892,1,6
51,3.89,0.0,0.2,0.0,18.05,0.6,10.83,18.05,5.0,0.2,2.29,0.2,0.458,2,0.4,0,3.2,12.688,0.4,2.5376,1,2
52,3.89,0.0,0.2,0.0,0.93,0.2,0.186,0.93,5.0,0.2,7.78,0.4,3.112,2,0.4,0,2.2,4.698,0.4,0.9396,0,4
53,3.89,0.0,0.2,0.0,1.61,0.2,0.322,1.61,5.0,0.2,2.51,0.2,0.502,2,0.4,0,2.0,2.224,0.4,0.4448,0,2
54,3.89,6.32,0.6,3.792,9.01,0.4,3.604,15.33,5.0,0.2,8.31,0.4,3.324,2,0.4,0,3.2,12.12,0.4,2.424,1,4
55,3.89,0.0,0.2,0.0,1.05,0.2,0.21,1.05,5.0,0.2,0.16,0.2,0.032,2,0.4,0,2.0,1.642,0.4,0.3284,0,2
56,3.89,0.0,0.2,0.0,6.8,0.4,2.72,6.8,5.0,0.2,47.9,0.6,28.74,2,0.4,0,3.0,32.86,0.4,6.572,1,6
57,3.89,14.04,0.6,8.424,10.83,0.6,6.498,24.87,5.0,0.2,8.91,0.4,3.564,2,0.4,0,3.8,19.886,0.4,3.9772,1,4
59,3.89,0.0,0.2,0.0,0.0,0.2,0.0,0.0,5.0,0.2,1.75,0.2,0.35,2,0.4,0,2.0,1.75,0.4,0.35,0,2
60,3.89,0.0,0.2,0.0,0.08,0.2,0.016,0.08,5.0,0.2,0.68,0.2,0.136,2,0.4,0,2.0,1.552,0.4,0.3104,0,2
61,3.89,1.26,0.4,0.504,0.05,0.2,0.01,1.31,5.0,0.2,0.0,0.2,0.0,2,0.4,0,2.2,1.914,0.4,0.3828,0,2
62,3.89,0.0,0.2,0.0,0.03,0.2,0.006,0.03,5.0,0.2,0.06,0.2,0.012,2,0.4,0,2.0,1.418,0.4,0.2836,0,2
63,3.89,0.0,0.2,0.0,0.79,0.2,0.158,0.79,5.0,0.2,15.82,0.6,9.492,2,0.4,0,2.4,11.05,0.4,2.21,1,6
64,3.89,4.76,0.6,2.856,13.03,0.6,7.818,17.79,5.0,0.2,0.58,0.2,0.116,2,0.4,1,3.8,12.59,0.8,5.036,1,2
65,3.89,8.81,0.6,5.286,9.02,0.4,3.608,17.83,5.0,0.2,215.31,0.6,129.186,2,0.4,1,3.6,139.88,0.8,55.952,1,6
66,3.89,0.0,0.2,0.0,0.07,0.2,0.014,0.07,5.0,0.2,0.0,0.2,0.0,2,0.4,0,2.0,1.414,0.4,0.2828,0,2
67,3.89,13.92,0.6,8.352,2.2,0.2,0.44,16.12,5.0,0.2,0.05,0.2,0.01,2,0.4,0,2.4,10.202,0.4,2.0404,1,2
68,3.89,1.07,0.4,0.428,0.0,0.2,0.0,1.07,5.0,0.2,0.0,0.2,0.0,2,0.4,0,2.2,1.828,0.4,0.3656,0,2
69,3.89,0.0,0.2,0.0,0.89,0.2,0.178,0.89,5.0,0.2,0.0,0.2,0.0,2,0.4,0,2.0,1.578,0.4,0.3156,0,2
72,3.89,4.24,0.6,2.544,8.06,0.4,3.224,12.3,5.0,0.2,10.69,0.6,6.414,2,0.4,0,3.4,13.582,0.4,2.7164,1,6
73,3.89,12.27,0.6,7.362,72.46,0.6,43.476,84.73,5.0,0.2,5.69,0.4,2.276,2,0.4,0,3.8,54.514,0.4,10.9028,1,4
74,3.89,0.0,0.2,0.0,0.96,0.2,0.192,0.96,5.0,0.2,1.35,0.2,0.27,2,0.4,0,2.0,1.862,0.4,0.3724,0,2
75,3.89,12.7,0.6,7.62,1.28,0.2,0.256,13.98,5.0,0.2,11.69,0.6,7.014,2,0.4,0,2.8,16.29,0.4,3.258,1,6
76,3.89,0.0,0.2,0.0,63.13,0.6,37.878,63.13,5.0,0.2,14.6,0.6,8.76,2,0.4,1,3.8,48.438,0.8,19.3752,1,6
77,3.89,1.99,0.4,0.796,10.24,0.6,6.144,12.23,5.0,0.2,20.78,0.6,12.468,2,0.4,0,3.8,20.808,0.4,4.1616,1,6
78,3.89,0.05,0.2,0.01,0.21,0.2,0.042,0.26,5.5,0.4,102.22,0.6,61.332,2,0.4,0,2.8,63.984,0.4,12.7968,1,6
79,3.89,0.0,0.2,0.0,7.37,0.4,2.948,7.37,5.0,0.2,0.74,0.2,0.148,2,0.4,0,2.6,4.496,0.4,0.8992,0,2
82,3.89,0.0,0.2,0.0,0.0,0.2,0.0,0.0,5.0,0.2,0.0,0.2,0.0,2,0.4,0,2.0,1.4,0.4,0.28,0,2
83,3.89,0.74,0.2,0.148,1.0,0.2,0.2,1.74,5.0,0.2,0.0,0.2,0.0,2,0.4,0,2.0,1.748,0.4,0.3496,0,2
84,3.89,0.0,0.2,0.0,0.58,0.2,0.116,0.58,5.0,0.2,0.0,0.2,0.0,2,0.4,0,2.0,1.516,0.4,0.3032,0,2
86,3.89,0.42,0.2,0.084,0.07,0.2,0.014,0.49,5.0,0.2,0.42,0.2,0.084,2,0.4,0,2.0,1.582,0.4,0.3164,0,2
87,3.89,0.01,0.2,0.002,1.29,0.2,0.258,1.3,5.5,0.4,36.52,0.6,21.912,4,0.8,0,3.0,25.172,0.8,10.0688,1,6
88,3.89,6.85,0.6,4.11,65.93,0.6,39.558,72.78,5.5,0.4,6.02,0.4,2.408,4,0.8,0,4.4,49.076,0.8,19.6304,1,4
89,3.89,5.37,0.6,3.222,8.62,0.4,3.448,13.99,5.0,0.2,17.16,0.6,10.296,4,0.8,0,3.6,18.766,0.8,7.5064,1,6
90,3.89,4.93,0.6,2.958,6.54,0.4,2.616,11.47,5.5,0.4,12.91,0.6,7.746,4,0.8,0,4.0,16.32,0.8,6.528,1,6
91,3.89,1.22,0.4,0.488,0.06,0.2,0.012,1.28,5.0,0.2,0.0,0.2,0.0,4,0.8,0,2.4,2.3,0.8,0.92,0,2
92,3.89,0.0,0.2,0.0,0.85,0.2,0.17,0.85,5.0,0.2,0.0,0.2,0.0,4,0.8,0,2.2,1.97,0.8,0.788,0,2
94,3.89,4.95,0.6,2.97,42.61,0.6,25.566,47.56,5.0,0.2,3.46,0.2,0.692,6,1.2,1,4.2,31.828,1.6,25.4624,1,2
95,3.89,0.0,0.2,0.0,0.08,0.2,0.016,0.08,5.0,0.2,0.06,0.2,0.012,6,1.2,0,2.4,2.228,1.2,1.3368,1,2
96,3.89,1.19,0.4,0.476,12.88,0.6,7.728,14.07,5.0,0.2,2.33,0.2,0.466,6,1.2,0,3.8,10.87,1.2,6.522,1,2
97,3.89,0.0,0.2,0.0,2.72,0.2,0.544,2.72,5.0,0.2,5.58,0.4,2.232,6,1.2,0,2.6,4.976,1.2,2.9856,1,4
98,3.89,0.0,0.2,0.0,1.66,0.2,0.332,1.66,5.0,0.2,0.76,0.2,0.152,6,1.2,0,2.4,2.684,1.2,1.6104,1,2
99,3.89,6.47,0.6,3.882,12.18,0.6,7.308,18.65,5.0,0.2,25.27,0.6,15.162,6,1.2,0,4.4,28.552,1.2,17.1312,1,6
100,3.89,1.33,0.4,0.532,0.0,0.2,0.0,1.33,5.0,0.2,0.2,0.2,0.04,6,1.2,0,2.6,2.772,1.2,1.6632,1,2
101,3.89,0.0,0.2,0.0,1.1,0.2,0.22,1.1,5.0,0.2,0.0,0.2,0.0,6,1.2,0,2.4,2.42,1.2,1.452,1,2
102,3.89,2.57,0.6,1.542,4.49,0.2,0.898,7.06,5.0,0.2,7.56,0.4,3.024,2,0.4,1,2.8,7.264,0.8,2.9056,1,4
103,3.89,0.0,0.2,0.0,1.88,0.2,0.376,1.88,5.0,0.2,0.0,0.2,0.0,2,0.4,0,2.0,1.776,0.4,0.3552,0,2
104,3.89,0.77,0.2,0.154,18.31,0.6,10.986,19.08,5.0,0.2,67.03,0.6,40.218,2,0.4,0,3.6,52.758,0.4,10.5516,1,6
105,3.89,5.23,0.6,3.138,5.89,0.4,2.356,11.12,5.0,0.2,19.4,0.6,11.64,2,0.4,0,3.4,18.534,0.4,3.7068,1,6
106,3.89,6.59,0.6,3.954,23.66,0.6,14.196,30.25,5.0,0.2,34.83,0.6,20.898,2,0.4,1,4.2,40.848,0.8,16.3392,1,6
107,3.89,7.18,0.6,4.308,14.63,0.6,8.778,21.81,5.0,0.2,98.75,0.6,59.25,2,0.4,0,4.0,73.736,0.4,14.7472,1,6
108,3.89,1.0,0.4,0.4,0.0,0.2,0.0,1.0,5.0,0.2,0.36,0.2,0.072,2,0.4,0,2.2,1.872,0.4,0.3744,0,2
109,3.89,0.0,0.2,0.0,0.06,0.2,0.012,0.06,5.0,0.2,0.0,0.2,0.0,2,0.4,0,2.0,1.412,0.4,0.2824,0,2
110,3.89,2.63,0.6,1.578,2.55,0.2,0.51,5.18,5.0,0.2,0.0,0.2,0.0,2,0.4,0,2.4,3.488,0.4,0.6976,0,2
111,3.89,0.0,0.2,0.0,0.87,0.2,0.174,0.87,5.0,0.2,0.0,0.2,0.0,2,0.4,0,2.0,1.574,0.4,0.3148,0,2
112,3.89,10.96,0.6,6.576,41.47,0.6,24.882,52.43,5.0,0.2,35.21,0.6,21.126,2,0.4,1,4.2,54.384,0.8,21.7536,1,6
113,3.89,0.0,0.2,0.0,0.23,0.2,0.046,0.23,5.0,0.2,0.0,0.2,0.0,2,0.4,0,2.0,1.446,0.4,0.2892,0,2
114,3.41,4.25,0.6,2.55,45.51,0.6,27.306,49.76,5.5,0.4,8.2,0.4,3.28,2,0.4,0,4.2,35.736,0.4,7.1472,1,4
115,3.41,1.98,0.4,0.792,51.42,0.6,30.852,53.4,5.5,0.4,20.33,0.6,12.198,2,0.4,1,4.4,46.842,0.8,18.7368,1,6
116,3.41,1.44,0.4,0.576,29.25,0.6,17.55,30.69,5.0,0.2,35.13,0.6,21.078,2,0.4,0,3.8,40.604,0.4,8.1208,1,6
117,3.41,1.52,0.4,0.608,37.33,0.6,22.398,38.85,5.5,0.4,63.7,0.6,38.22,2,0.4,0,4.2,63.826,0.4,12.7652,1,6
118,3.41,3.63,0.6,2.178,10.85,0.4,4.34,14.48,5.0,0.2,0.28,0.2,0.056,2,0.4,0,3.0,7.974,0.4,1.5948,1,2
120,3.41,9.97,0.6,5.982,88.73,0.6,53.238,98.7,5.0,0.2,10.27,0.6,6.162,2,0.4,0,4.0,66.782,0.4,13.3564,1,6
122,3.41,1.98,0.4,0.792,67.91,0.6,40.746,69.89,5.5,0.4,18.79,0.6,11.274,2,0.4,1,4.4,55.812,0.8,22.3248,1,6
123,3.41,10.08,0.6,6.048,22.31,0.6,13.386,32.39,5.5,0.4,16.82,0.6,10.092,2,0.4,0,4.4,32.126,0.4,6.4252,1,6
126,3.41,3.21,0.6,1.926,72.07,0.6,43.242,75.28,5.0,0.2,13.79,0.6,8.274,6,1.2,1,4.6,56.042,1.6,44.8336,1,6
127,3.41,12.28,0.6,7.368,20.62,0.6,12.372,32.9,5.0,0.2,10.16,0.6,6.096,2,0.4,1,4.2,27.636,0.8,11.0544,1,6
128,3.41,6.93,0.6,4.158,70.26,0.6,42.156,77.19,5.0,0.2,9.73,0.4,3.892,2,0.4,0,3.8,51.606,0.4,10.3212,1,4
129,3.41,3.34,0.6,2.004,37.59,0.6,22.554,40.93,5.0,0.2,26.95,0.6,16.17,2,0.4,0,4.0,42.128,0.4,8.4256,1,6
130,3.41,15.66,0.6,9.396,74.53,0.6,44.718,90.19,5.0,0.2,29.07,0.6,17.442,2,0.4,0,4.0,72.956,0.4,14.5912,1,6
131,3.41,2.92,0.6,1.752,5.24,0.4,2.096,8.16,5.0,0.2,9.76,0.4,3.904,2,0.4,0,3.2,9.152,0.4,1.8304,1,4
132,3.41,0.83,0.2,0.166,28.06,0.6,16.836,28.89,5.0,0.2,13.31,0.6,7.986,2,0.4,0,3.6,26.388,0.4,5.2776,1,6
133,3.41,1.97,0.4,0.788,30.25,0.6,18.15,32.22,5.0,0.2,0.68,0.2,0.136,2,0.4,0,3.4,20.474,0.4,4.0948,1,2
134,3.41,10.0,0.6,6.0,47.9,0.6,28.74,57.9,5.0,0.2,7.7,0.4,3.08,2,0.4,0,3.8,39.22,0.4,7.844,1,4
135,3.41,13.06,0.6,7.836,45.42,0.6,27.252,58.48,5.0,0.2,10.4,0.6,6.24,2,0.4,0,4.0,42.728,0.4,8.5456,1,6
136,3.41,1.35,0.4,0.54,33.25,0.6,19.95,34.6,5.5,0.4,20.62,0.6,12.372,2,0.4,0,4.2,35.462,0.4,7.0924,1,6
137,3.41,4.13,0.6,2.478,16.74,0.6,10.044,20.87,5.0,0.2,44.02,0.6,26.412,2,0.4,0,4.0,40.334,0.4,8.0668,1,6
138,3.41,12.62,0.6,7.572,80.06,0.6,48.036,92.68,5.5,0.4,43.53,0.6,26.118,4,0.8,0,4.6,84.726,0.8,33.8904,1,6
139,3.41,16.36,0.6,9.816,41.1,0.6,24.66,57.46,5.0,0.2,12.03,0.6,7.218,4,0.8,0,4.2,43.494,0.8,17.3976,1,6
140,3.41,12.68,0.6,7.608,41.0,0.6,24.6,53.68,5.5,0.4,11.88,0.6,7.128,2,0.4,0,4.4,41.936,0.4,8.3872,1,6
141,3.41,11.73,0.6,7.038,85.87,0.6,51.522,97.6,5.0,0.2,6.96,0.4,2.784,2,0.4,1,4.0,63.144,0.8,25.2576,1,4
142,3.41,5.15,0.6,3.09,44.67,0.6,26.802,49.82,5.5,0.4,21.07,0.6,12.642,2,0.4,0,4.4,45.134,0.4,9.0268,1,6
145,3.41,1.21,0.4,0.484,34.03,0.6,20.418,35.24,5.0,0.2,5.36,0.4,2.144,2,0.4,0,3.6,24.446,0.4,4.8892,1,4
146,3.41,1.64,0.4,0.656,46.21,0.6,27.726,47.85,5.0,0.2,2.45,0.2,0.49,2,0.4,0,3.4,30.272,0.4,6.0544,1,2
147,3.41,1.21,0.4,0.484,43.84,0.6,26.304,45.05,5.5,0.4,31.61,0.6,18.966,2,0.4,0,4.2,48.354,0.4,9.6708,1,6
148,3.41,1.1,0.4,0.44,87.71,0.6,52.626,88.81,5.5,0.4,34.32,0.6,20.592,2,0.4,0,4.2,76.258,0.4,15.2516,1,6
149,3.41,4.17,0.6,2.502,24.37,0.6,14.622,28.54,5.0,0.2,4.24,0.2,0.848,2,0.4,0,3.6,19.372,0.4,3.8744,1,2
150,3.41,1.08,0.4,0.432,32.71,0.6,19.626,33.79,5.0,0.2,8.38,0.4,3.352,2,0.4,0,3.6,24.81,0.4,4.962,1,4
152,3.41,12.54,0.6,7.524,31.62,0.6,18.972,44.16,5.0,0.2,54.07,0.6,32.442,2,0.4,0,4.0,60.338,0.4,12.0676,1,6
153,3.41,17.26,0.6,10.356,44.22,0.6,26.532,61.48,5.0,0.2,27.68,0.6,16.608,2,0.4,1,4.2,55.296,0.8,22.1184,1,6
155,3.41,20.04,0.6,12.024,48.9,0.6,29.34,68.94,5.0,0.2,11.09,0.6,6.654,2,0.4,0,4.0,49.418,0.4,9.8836,1,6
158,3.41,9.67,0.6,5.802,62.25,0.6,37.35,71.92,5.5,0.4,17.02,0.6,10.212,2,0.4,0,4.4,55.964,0.4,11.1928,1,6
159,3.41,3.77,0.6,2.262,40.86,0.6,24.516,44.63,5.0,0.2,18.0,0.6,10.8,2,0.4,0,4.0,38.978,0.4,7.7956,1,6
160,3.41,4.73,0.6,2.838,60.22,0.6,36.132,64.95,5.0,0.2,69.76,0.6,41.856,2,0.4,0,4.0,82.226,0.4,16.4452,1,6
161,3.41,6.31,0.6,3.786,19.42,0.6,11.652,25.73,5.5,0.4,13.88,0.6,8.328,2,0.4,0,4.4,26.366,0.4,5.2732,1,6
162,3.41,5.61,0.6,3.366,1.56,0.2,0.312,7.17,5.0,0.2,4.03,0.2,0.806,2,0.4,0,2.4,5.884,0.4,1.1768,1,2
163,3.41,5.22,0.6,3.132,20.94,0.6,12.564,26.16,5.0,0.2,2.44,0.2,0.488,2,0.4,0,3.6,17.584,0.4,3.5168,1,2
165,3.41,2.86,0.6,1.716,17.09,0.6,10.254,19.95,5.5,0.4,6.88,0.4,2.752,2,0.4,0,4.2,17.322,0.4,3.4644,1,4
166,3.41,16.53,0.6,9.918,72.99,0.6,43.794,89.52,5.0,0.2,5.49,0.4,2.196,2,0.4,1,4.0,57.708,0.8,23.0832,1,4
167,3.41,2.7,0.6,1.62,45.16,0.6,27.096,47.86,5.0,0.2,37.79,0.6,22.674,2,0.4,0,4.0,52.79,0.4,10.558,1,6
168,3.41,3.08,0.6,1.848,60.78,0.6,36.468,63.86,5.0,0.2,0.36,0.2,0.072,2,0.4,0,3.6,39.788,0.4,7.9576,1,2
169,3.41,2.0,0.6,1.2,49.19,0.6,29.514,51.19,5.0,0.2,60.88,0.6,36.528,2,0.4,1,4.2,69.042,0.8,27.6168,1,6
171,3.41,1.07,0.4,0.428,0.0,0.2,0.0,1.07,5.0,0.2,10.02,0.6,6.012,2,0.4,0,2.6,7.84,0.4,1.568,1,6
172,3.41,1.07,0.4,0.428,0.0,0.2,0.0,1.07,5.0,0.2,0.0,0.2,0.0,6,1.2,0,2.6,2.628,1.2,1.5768,1,2
173,3.41,1.01,0.4,0.404,0.0,0.2,0.0,1.01,5.0,0.2,0.0,0.2,0.0,2,0.4,0,2.2,1.804,0.4,0.3608,0,2
174,3.41,0.93,0.2,0.186,0.0,0.2,0.0,0.93,5.0,0.2,0.0,0.2,0.0,2,0.4,0,2.0,1.586,0.4,0.3172,0,2
175,3.41,4.01,0.6,2.406,0.0,0.2,0.0,4.01,5.0,0.2,0.0,0.2,0.0,2,0.4,0,2.4,3.806,0.4,0.7612,0,2
176,3.41,0.77,0.2,0.154,0.0,0.2,0.0,0.77,5.0,0.2,0.32,0.2,0.064,2,0.4,0,2.0,1.618,0.4,0.3236,0,2
177,3.41,1.05,0.4,0.42,0.0,0.2,0.0,1.05,5.0,0.2,0.0,0.2,0.0,2,0.4,0,2.2,1.82,0.4,0.364,0,2
178,3.41,1.01,0.4,0.404,0.0,0.2,0.0,1.01,5.0,0.2,0.28,0.2,0.056,2,0.4,0,2.2,1.86,0.4,0.372,0,2
179,3.41,0.91,0.2,0.182,0.0,0.2,0.0,0.91,5.0,0.2,0.0,0.2,0.0,2,0.4,0,2.0,1.582,0.4,0.3164,0,2
180,3.41,1.12,0.4,0.448,0.0,0.2,0.0,1.12,5.0,0.2,0.0,0.2,0.0,2,0.4,0,2.2,1.848,0.4,0.3696,0,2
181,3.41,0.8,0.2,0.16,0.0,0.2,0.0,0.8,5.0,0.2,0.18,0.2,0.036,2,0.4,0,2.0,1.596,0.4,0.3192,0,2
182,3.41,0.65,0.2,0.13,0.0,0.2,0.0,0.65,5.0,0.2,0.0,0.2,0.0,2,0.4,0,2.0,1.53,0.4,0.306,0,2
183,3.41,0.63,0.2,0.126,0.0,0.2,0.0,0.63,5.0,0.2,0.0,0.2,0.0,2,0.4,0,2.0,1.526,0.4,0.3052,0,2
184,3.41,0.43,0.2,0.086,0.0,0.2,0.0,0.43,5.0,0.2,0.0,0.2,0.0,2,0.4,0,2.0,1.486,0.4,0.2972,0,2
185,3.41,1.21,0.4,0.484,0.0,0.2,0.0,1.21,5.0,0.2,0.0,0.2,0.0,2,0.4,0,2.2,1.884,0.4,0.3768,0,2
186,3.41,0.17,0.2,0.034,0.0,0.2,0.0,0.17,5.0,0.2,0.0,0.2,0.0,2,0.4,0,2.0,1.434,0.4,0.2868,0,2
187,3.41,0.0,0.2,0.0,0.0,0.2,0.0,0.0,5.0,0.2,0.0,0.2,0.0,4,0.8,0,2.2,1.8,0.8,0.72,0,2
188,3.41,0.0,0.2,0.0,0.0,0.2,0.0,0.0,5.0,0.2,0.0,0.2,0.0,2,0.4,0,2.0,1.4,0.4,0.28,0,2
189,3.41,0.07,0.2,0.014,0.0,0.2,0.0,0.07,5.0,0.2,0.0,0.2,0.0,2,0.4,0,2.0,1.414,0.4,0.2828,0,2
191,2.72,2.46,0.6,1.476,6.72,0.4,2.688,9.18,5.0,0.2,0.0,0.2,0.0,2,0.4,0,3.0,5.564,0.4,1.1128,1,2
192,2.72,4.05,0.6,2.43,21.66,0.6,12.996,25.71,5.5,0.4,18.45,0.6,11.07,2,0.4,0,4.4,29.096,0.4,5.8192,1,6
193,2.72,2.81,0.6,1.686,4.6,0.2,0.92,7.41,5.0,0.2,8.44,0.4,3.376,2,0.4,0,2.6,7.382,0.4,1.4764,1,4
194,2.72,4.43,0.6,2.658,61.47,0.6,36.882,65.9,5.5,0.4,39.65,0.6,23.79,2,0.4,0,4.4,65.93,0.4,13.186,1,6
195,2.72,3.48,0.6,2.088,17.85,0.6,10.71,21.33,5.0,0.2,9.53,0.4,3.812,2,0.4,0,3.8,18.01,0.4,3.602,1,4
196,2.72,3.62,0.6,2.172,44.28,0.6,26.568,47.9,5.0,0.2,44.67,0.6,26.802,2,0.4,0,4.0,56.942,0.4,11.3884,1,6
197,2.72,4.34,0.6,2.604,24.13,0.6,14.478,28.47,5.0,0.2,3.42,0.2,0.684,2,0.4,0,3.6,19.166,0.4,3.8332,1,2
198,2.72,3.62,0.6,2.172,8.37,0.4,3.348,11.99,5.0,0.2,0.0,0.2,0.0,2,0.4,0,3.0,6.92,0.4,1.384,1,2
199,2.72,3.11,0.6,1.866,113.97,0.6,68.382,117.08,5.5,0.4,26.64,0.6,15.984,2,0.4,0,4.4,88.832,0.4,17.7664,1,6
200,2.72,1.65,0.4,0.66,20.86,0.6,12.516,22.51,5.0,0.2,16.91,0.6,10.146,2,0.4,0,3.8,24.722,0.4,4.9444,1,6
201,2.72,3.43,0.6,2.058,1.53,0.2,0.306,4.96,5.0,0.2,0.0,0.2,0.0,2,0.4,0,2.4,3.764,0.4,0.7528,0,2
202,2.72,3.84,0.6,2.304,98.67,0.6,59.202,102.51,5.0,0.2,12.9,0.6,7.74,2,0.4,0,4.0,70.646,0.4,14.1292,1,6
204,2.72,7.07,0.6,4.242,35.48,0.6,21.288,42.55,5.0,0.2,8.76,0.4,3.504,2,0.4,0,3.8,30.434,0.4,6.0868,1,4
205,2.72,3.26,0.6,1.956,5.55,0.4,2.22,8.81,5.0,0.2,0.21,0.2,0.042,6,1.2,0,3.4,6.418,1.2,3.8508,1,2
207,2.72,5.5,0.6,3.3,93.26,0.6,55.956,98.76,5.0,0.2,14.27,0.6,8.562,2,0.4,0,4.0,69.218,0.4,13.8436,1,6
209,2.72,3.5,0.6,2.1,16.09,0.6,9.654,19.59,5.0,0.2,5.03,0.4,2.012,2,0.4,0,3.8,15.166,0.4,3.0332,1,4
210,2.72,1.46,0.4,0.584,0.75,0.2,0.15,2.21,5.0,0.2,0.11,0.2,0.022,2,0.4,0,2.2,2.156,0.4,0.4312,0,2
211,2.72,4.6,0.6,2.76,54.99,0.6,32.994,59.59,5.0,0.2,14.1,0.6,8.46,2,0.4,0,4.0,45.614,0.4,9.1228,1,6
212,2.72,7.43,0.6,4.458,79.5,0.6,47.7,86.93,5.0,0.2,102.39,0.6,61.434,2,0.4,0,4.0,114.992,0.4,22.9984,1,6
213,2.72,3.51,0.6,2.106,52.89,0.6,31.734,56.4,5.0,0.2,4.26,0.2,0.852,2,0.4,0,3.6,36.092,0.4,7.2184,1,2
215,2.72,1.33,0.4,0.532,0.35,0.2,0.07,1.68,5.0,0.2,0.0,0.2,0.0,2,0.4,0,2.2,2.002,0.4,0.4004,0,2
216,2.72,5.45,0.6,3.27,71.09,0.6,42.654,76.54,5.5,0.4,59.18,0.6,35.508,2,0.4,0,4.4,84.032,0.4,16.8064,1,6
217,2.72,1.73,0.4,0.692,5.64,0.4,2.256,7.37,5.0,0.2,13.35,0.6,8.01,2,0.4,0,3.2,12.358,0.4,2.4716,1,6
220,2.72,2.41,0.6,1.446,5.28,0.4,2.112,7.69,5.0,0.2,8.95,0.4,3.58,4,0.8,0,3.4,8.938,0.8,3.5752,1,4
221,2.72,2.84,0.6,1.704,64.91,0.6,38.946,67.75,5.5,0.4,124.59,0.6,74.754,4,0.8,0,4.6,118.404,0.8,47.3616,1,6
222,2.72,1.75,0.4,0.7,0.57,0.2,0.114,2.32,5.0,0.2,0.0,0.2,0.0,4,0.8,0,2.4,2.614,0.8,1.0456,1,2
223,2.72,2.18,0.6,1.308,30.81,0.6,18.486,32.99,5.0,0.2,5.8,0.4,2.32,4,0.8,0,4.0,23.914,0.8,9.5656,1,4
225,2.72,4.43,0.6,2.658,51.32,0.6,30.792,55.75,5.5,0.4,145.97,0.6,87.582,2,0.4,0,4.4,123.632,0.4,24.7264,1,6
227,2.72,3.9,0.6,2.34,27.92,0.6,16.752,31.82,5.0,0.2,47.6,0.6,28.56,2,0.4,0,4.0,49.052,0.4,9.8104,1,6
228,2.72,2.19,0.6,1.314,0.68,0.2,0.136,2.87,5.0,0.2,28.4,0.6,17.04,2,0.4,0,2.8,19.89,0.4,3.978,1,6
229,2.72,1.56,0.4,0.624,14.64,0.4,5.856,16.2,5.0,0.2,25.97,0.6,15.582,2,0.4,0,3.2,23.462,0.4,4.6924,1,6
230,2.72,4.53,0.6,2.718,87.93,0.6,52.758,92.46,5.0,0.2,85.81,0.6,51.486,2,0.4,0,4.0,108.362,0.4,21.6724,1,6
231,2.72,4.97,0.6,2.982,42.19,0.6,25.314,47.16,5.5,0.4,45.37,0.6,27.222,2,0.4,0,4.4,58.118,0.4,11.6236,1,6
232,2.72,2.13,0.6,1.278,0.59,0.2,0.118,2.72,5.0,0.2,0.76,0.2,0.152,2,0.4,0,2.4,2.948,0.4,0.5896,0,2
233,2.72,3.66,0.6,2.196,15.47,0.6,9.282,19.13,5.0,0.2,1.43,0.2,0.286,2,0.4,0,3.6,13.164,0.4,2.6328,1,2
234,2.72,1.64,0.4,0.656,0.19,0.2,0.038,1.83,5.0,0.2,1.59,0.2,0.318,2,0.4,0,2.2,2.412,0.4,0.4824,0,2
235,2.72,4.9,0.6,2.94,98.71,0.6,59.226,103.61,5.5,0.4,82.99,0.6,49.794,2,0.4,1,4.6,114.96,0.8,45.984,1,6
236,2.72,5.68,0.6,3.408,67.38,0.6,40.428,73.06,5.0,0.2,86.7,0.6,52.02,2,0.4,1,4.2,97.656,0.8,39.0624,1,6
237,2.72,3.99,0.6,2.394,92.05,0.6,55.23,96.04,5.0,0.2,15.14,0.6,9.084,2,0.4,1,4.2,68.508,0.8,27.4032,1,6
238,2.72,3.47,0.6,2.082,47.07,0.6,28.242,50.54,5.0,0.2,31.38,0.6,18.828,2,0.4,0,4.0,50.552,0.4,10.1104,1,6
239,2.72,2.68,0.6,1.608,38.32,0.6,22.992,41.0,5.0,0.2,7.17,0.4,2.868,2,0.4,0,3.8,28.868,0.4,5.7736,1,4
240,2.72,2.13,0.6,1.278,42.64,0.6,25.584,44.77,5.0,0.2,18.24,0.6,10.944,2,0.4,0,4.0,39.206,0.4,7.8412,1,6
243,2.72,2.23,0.6,1.338,4.54,0.2,0.908,6.77,5.0,0.2,22.8,0.6,13.68,6,1.2,0,3.2,18.126,1.2,10.8756,1,6
244,2.72,2.0,0.6,1.2,0.32,0.2,0.064,2.32,5.0,0.2,5.37,0.4,2.148,2,0.4,0,2.6,4.812,0.4,0.9624,0,4
246,2.72,1.19,0.4,0.476,122.07,0.6,73.242,123.26,5.0,0.2,15.2,0.6,9.12,2,0.4,0,3.8,84.238,0.4,16.8476,1,6
248,2.72,1.14,0.4,0.456,0.0,0.2,0.0,1.14,5.0,0.2,0.71,0.2,0.142,2,0.4,0,2.2,1.998,0.4,0.3996,0,2
249,2.72,1.51,0.4,0.604,0.0,0.2,0.0,1.51,5.0,0.2,0.0,0.2,0.0,2,0.4,0,2.2,2.004,0.4,0.4008,0,2
250,2.72,1.13,0.4,0.452,0.0,0.2,0.0,1.13,5.0,0.2,0.0,0.2,0.0,2,0.4,0,2.2,1.852,0.4,0.3704,0,2
251,2.72,1.5,0.4,0.6,0.0,0.2,0.0,1.5,5.0,0.2,1.44,0.2,0.288,2,0.4,0,2.2,2.288,0.4,0.4576,0,2
252,2.72,0.96,0.2,0.192,0.0,0.2,0.0,0.96,5.0,0.2,0.0,0.2,0.0,2,0.4,0,2.0,1.592,0.4,0.3184,0,2
253,2.72,1.6,0.4,0.64,0.0,0.2,0.0,1.6,5.0,0.2,0.0,0.2,0.0,2,0.4,0,2.2,2.04,0.4,0.408,0,2
254,2.72,1.34,0.4,0.536,0.0,0.2,0.0,1.34,5.0,0.2,0.0,0.2,0.0,4,0.8,0,2.4,2.336,0.8,0.9344,0,2
255,2.72,1.6,0.4,0.64,0.0,0.2,0.0,1.6,5.0,0.2,0.06,0.2,0.012,2,0.4,0,2.2,2.052,0.4,0.4104,0,2
256,2.72,1.13,0.4,0.452,0.0,0.2,0.0,1.13,5.0,0.2,0.02,0.2,0.004,2,0.4,0,2.2,1.856,0.4,0.3712,0,2
257,2.72,0.0,0.2,0.0,0.0,0.2,0.0,0.0,5.0,0.2,0.0,0.2,0.0,2,0.4,0,2.0,1.4,0.4,0.28,0,2
258,2.72,0.0,0.2,0.0,0.0,0.2,0.0,0.0,5.0,0.2,0.0,0.2,0.0,2,0.4,0,2.0,1.4,0.4,0.28,0,2
259,2.72,0.77,0.2,0.154,0.0,0.2,0.0,0.77,5.0,0.2,4.6,0.2,0.92,2,0.4,0,2.0,2.474,0.4,0.4948,0,2
260,2.72,1.05,0.4,0.42,0.0,0.2,0.0,1.05,5.0,0.2,0.0,0.2,0.0,2,0.4,0,2.2,1.82,0.4,0.364,0,2
261,2.72,0.0,0.2,0.0,0.0,0.2,0.0,0.0,5.0,0.2,0.0,0.2,0.0,2,0.4,0,2.0,1.4,0.4,0.28,0,2
262,2.72,0.0,0.2,0.0,0.0,0.2,0.0,0.0,5.0,0.2,30.85,0.6,18.51,2,0.4,0,2.4,19.91,0.4,3.982,1,6
263,2.72,0.0,0.2,0.0,0.0,0.2,0.0,0.0,5.0,0.2,0.0,0.2,0.0,4,0.8,0,2.2,1.8,0.8,0.72,0,2
264,2.72,0.0,0.2,0.0,0.0,0.2,0.0,0.0,5.0,0.2,0.0,0.2,0.0,2,0.4,0,2.0,1.4,0.4,0.28,0,2
265,2.72,0.0,0.2,0.0,0.0,0.2,0.0,0.0,5.0,0.2,0.0,0.2,0.0,2,0.4,0,2.0,1.4,0.4,0.28,0,2
266,2.72,0.84,0.2,0.168,0.0,0.2,0.0,0.84,5.0,0.2,8.21,0.4,3.284,2,0.4,0,2.2,4.852,0.4,0.9704,0,4
267,2.72,0.0,0.2,0.0,0.0,0.2,0.0,0.0,5.0,0.2,0.0,0.2,0.0,2,0.4,0,2.0,1.4,0.4,0.28,0,2
268,2.72,0.85,0.2,0.17,0.0,0.2,0.0,0.85,5.0,0.2,0.0,0.2,0.0,2,0.4,0,2.0,1.57,0.4,0.314,0,2
269,2.72,0.0,0.2,0.0,0.28,0.2,0.056,0.28,5.0,0.2,0.0,0.2,0.0,2,0.4,0,2.0,1.456,0.4,0.2912,0,2
270,2.72,0.61,0.2,0.122,0.07,0.2,0.014,0.68,5.0,0.2,0.0,0.2,0.0,2,0.4,0,2.0,1.536,0.4,0.3072,0,2
271,2.72,0.0,0.2,0.0,0.62,0.2,0.124,0.62,5.0,0.2,0.0,0.2,0.0,2,0.4,0,2.0,1.524,0.4,0.3048,0,2
273,2.37,1.63,0.4,0.652,5.86,0.6,3.516,7.49,5.0,0.2,3.69,0.2,0.738,2,0.4,0,3.4,6.306,0.4,1.2612,1,2
275,2.37,2.29,0.6,1.374,2.64,0.6,1.584,4.93,5.0,0.2,3.08,0.2,0.616,2,0.4,0,3.6,4.974,0.4,0.9948,0,2
277,2.37,2.21,0.6,1.326,5.21,0.6,3.126,7.42,5.0,0.2,3.43,0.2,0.686,2,0.4,0,3.6,6.538,0.4,1.3076,1,2
278,2.37,2.22,0.6,1.332,6.23,0.6,3.738,8.45,5.0,0.2,0.89,0.2,0.178,2,0.4,0,3.6,6.648,0.4,1.3296,1,2
279,2.37,1.67,0.4,0.668,0.39,0.2,0.078,2.06,5.0,0.2,1.43,0.2,0.286,2,0.4,0,2.2,2.432,0.4,0.4864,0,2
280,2.37,2.59,0.6,1.554,0.66,0.2,0.132,3.25,5.0,0.2,1.28,0.2,0.256,2,0.4,0,2.4,3.342,0.4,0.6684,0,2
281,2.37,2.39,0.6,1.434,7.72,0.6,4.632,10.11,5.0,0.2,5.42,0.4,2.168,2,0.4,1,4.0,10.034,0.8,4.0136,1,4
282,2.37,3.42,0.6,2.052,10.55,0.6,6.33,13.97,5.0,0.2,6.96,0.4,2.784,2,0.4,0,3.8,12.566,0.4,2.5132,1,4
284,2.37,1.86,0.4,0.744,4.51,0.6,2.706,6.37,5.0,0.2,7.27,0.4,2.908,2,0.4,0,3.6,7.758,0.4,1.5516,1,4
285,2.37,1.9,0.4,0.76,7.97,0.6,4.782,9.87,5.0,0.2,8.6,0.4,3.44,2,0.4,1,3.8,10.782,0.8,4.3128,1,4
286,2.37,3.29,0.6,1.974,6.41,0.6,3.846,9.7,5.0,0.2,3.66,0.2,0.732,2,0.4,0,3.6,7.952,0.4,1.5904,1,2
287,2.37,2.6,0.6,1.56,1.14,0.4,0.456,3.74,5.0,0.2,8.76,0.4,3.504,2,0.4,1,3.4,7.32,0.8,2.928,1,4
288,2.37,3.81,0.6,2.286,11.52,0.6,6.912,15.33,5.0,0.2,3.25,0.2,0.65,4,0.8,0,3.8,11.648,0.8,4.6592,1,2
289,2.37,2.1,0.6,1.26,5.06,0.6,3.036,7.16,5.0,0.2,5.41,0.4,2.164,2,0.4,0,3.8,7.86,0.4,1.572,1,4
290,2.37,2.22,0.6,1.332,3.4,0.6,2.04,5.62,5.0,0.2,26.28,0.6,15.768,2,0.4,1,4.2,20.94,0.8,8.376,1,6
291,2.37,0.96,0.2,0.192,0.12,0.2,0.024,1.08,5.0,0.2,0.22,0.2,0.044,2,0.4,0,2.0,1.66,0.4,0.332,0,2
292,2.37,0.81,0.2,0.162,4.6,0.6,2.76,5.41,5.0,0.2,1.82,0.2,0.364,2,0.4,0,3.2,4.686,0.4,0.9372,0,2
293,2.37,1.25,0.4,0.5,0.02,0.2,0.004,1.27,5.0,0.2,0.82,0.2,0.164,2,0.4,0,2.2,2.068,0.4,0.4136,0,2
294,2.37,1.65,0.4,0.66,0.02,0.2,0.004,1.67,5.0,0.2,27.99,0.6,16.794,2,0.4,0,2.6,18.858,0.4,3.7716,1,6
295,2.37,1.65,0.4,0.66,0.02,0.2,0.004,1.67,5.0,0.2,2.47,0.2,0.494,2,0.4,0,2.2,2.558,0.4,0.5116,0,2
296,2.37,2.13,0.6,1.278,0.11,0.2,0.022,2.24,5.0,0.2,7.54,0.4,3.016,2,0.4,0,2.6,5.716,0.4,1.1432,1,4
297,2.37,0.44,0.2,0.088,0.02,0.2,0.004,0.46,5.0,0.2,27.1,0.6,16.26,6,1.2,0,2.8,18.552,1.2,11.1312,1,6
298,2.37,1.31,0.4,0.524,0.12,0.2,0.024,1.43,5.5,0.4,0.0,0.2,0.0,6,1.2,0,3.0,3.948,1.2,2.3688,1,2
299,2.37,0.39,0.2,0.078,0.14,0.2,0.028,0.53,5.0,0.2,0.58,0.2,0.116,2,0.4,0,2.0,1.622,0.4,0.3244,0,2
300,2.37,1.0,0.4,0.4,1.1,0.4,0.44,2.1,5.0,0.2,0.0,0.2,0.0,2,0.4,0,2.8,2.24,0.4,0.448,0,2
301,2.37,0.42,0.2,0.084,0.27,0.2,0.054,0.69,5.0,0.2,0.0,0.2,0.0,2,0.4,0,2.0,1.538,0.4,0.3076,0,2
302,2.37,1.07,0.4,0.428,0.59,0.2,0.118,1.66,5.0,0.2,0.0,0.2,0.0,2,0.4,0,2.2,1.946,0.4,0.3892,0,2
303,2.37,1.29,0.4,0.516,0.25,0.2,0.05,1.54,5.0,0.2,0.0,0.2,0.0,2,0.4,0,2.2,1.966,0.4,0.3932,0,2
304,2.37,0.02,0.2,0.004,0.87,0.2,0.174,0.89,5.0,0.2,0.04,0.2,0.008,2,0.4,0,2.0,1.586,0.4,0.3172,0,2
305,2.37,1.46,0.4,0.584,0.55,0.2,0.11,2.01,5.0,0.2,0.67,0.2,0.134,2,0.4,0,2.2,2.228,0.4,0.4456,0,2
306,2.37,0.84,0.2,0.168,0.06,0.2,0.012,0.9,5.0,0.2,0.72,0.2,0.144,2,0.4,0,2.0,1.724,0.4,0.3448,0,2
307,2.37,0.66,0.2,0.132,1.37,0.4,0.548,2.03,5.0,0.2,0.84,0.2,0.168,4,0.8,0,2.8,2.648,0.8,1.0592,1,2
308,2.37,0.53,0.2,0.106,5.4,0.6,3.24,5.93,5.0,0.2,0.72,0.2,0.144,2,0.4,0,3.2,4.89,0.4,0.978,0,2
309,2.37,0.39,0.2,0.078,0.47,0.2,0.094,0.86,5.0,0.2,0.0,0.2,0.0,2,0.4,0,2.0,1.572,0.4,0.3144,0,2
310,2.37,0.51,0.2,0.102,0.47,0.2,0.094,0.98,5.0,0.2,0.0,0.2,0.0,2,0.4,0,2.0,1.596,0.4,0.3192,0,2
311,2.37,0.47,0.2,0.094,0.29,0.2,0.058,0.76,5.0,0.2,0.07,0.2,0.014,2,0.4,0,2.0,1.566,0.4,0.3132,0,2
312,2.37,3.35,0.6,2.01,0.99,0.2,0.198,4.34,5.0,0.2,0.12,0.2,0.024,2,0.4,0,2.4,3.632,0.4,0.7264,0,2
313,2.37,0.32,0.2,0.064,0.49,0.2,0.098,0.81,5.0,0.2,6.73,0.4,2.692,6,1.2,0,2.6,5.054,1.2,3.0324,1,4
314,2.37,0.51,0.2,0.102,0.0,0.2,0.0,0.51,5.0,0.2,0.0,0.2,0.0,6,1.2,0,2.4,2.302,1.2,1.3812,1,2
315,2.37,0.0,0.2,0.0,0.0,0.2,0.0,0.0,5.0,0.2,0.05,0.2,0.01,2,0.4,0,2.0,1.41,0.4,0.282,0,2
316,2.37,0.31,0.2,0.062,0.69,0.2,0.138,1.0,5.0,0.2,0.0,0.2,0.0,2,0.4,0,2.0,1.6,0.4,0.32,0,2
317,2.37,0.61,0.2,0.122,1.54,0.4,0.616,2.15,5.0,0.2,0.57,0.2,0.114,2,0.4,0,2.6,2.252,0.4,0.4504,0,2
318,2.37,0.26,0.2,0.052,0.17,0.2,0.034,0.43,5.0,0.2,0.0,0.2,0.0,2,0.4,0,2.0,1.486,0.4,0.2972,0,2
319,2.37,0.73,0.2,0.146,0.05,0.2,0.01,0.78,5.0,0.2,6.14,0.4,2.456,6,1.2,0,2.6,4.812,1.2,2.8872,1,4
320,2.37,0.0,0.2,0.0,0.0,0.2,0.0,0.0,5.0,0.2,0.0,0.2,0.0,6,1.2,0,2.4,2.2,1.2,1.32,1,2
321,2.37,1.27,0.4,0.508,1.01,0.4,0.404,2.28,5.0,0.2,1.15,0.2,0.23,2,0.4,0,2.8,2.542,0.4,0.5084,0,2
322,2.37,1.62,0.4,0.648,0.49,0.2,0.098,2.11,5.0,0.2,0.0,0.2,0.0,2,0.4,0,2.2,2.146,0.4,0.4292,0,2
323,2.37,1.54,0.4,0.616,0.46,0.2,0.092,2.0,5.0,0.2,0.57,0.2,0.114,2,0.4,0,2.2,2.222,0.4,0.4444,0,2
324,2.37,2.18,0.6,1.308,0.93,0.2,0.186,3.11,5.0,0.2,0.0,0.2,0.0,6,1.2,0,2.8,3.694,1.2,2.2164,1,2
325,2.37,7.59,0.6,4.554,1.47,0.4,0.588,9.06,5.5,0.4,36.29,0.6,21.774,6,1.2,0,4.2,30.316,1.2,18.1896,1,6
326,2.37,0.76,0.2,0.152,0.34,0.2,0.068,1.1,5.0,0.2,0.0,0.2,0.0,6,1.2,0,2.4,2.42,1.2,1.452,1,2
327,2.37,0.38,0.2,0.076,0.85,0.2,0.17,1.23,5.0,0.2,0.04,0.2,0.008,2,0.4,0,2.0,1.654,0.4,0.3308,0,2
328,2.37,1.29,0.4,0.516,0.13,0.2,0.026,1.42,5.0,0.2,0.0,0.2,0.0,2,0.4,0,2.2,1.942,0.4,0.3884,0,2
329,2.37,1.99,0.4,0.796,0.63,0.2,0.126,2.62,5.0,0.2,0.0,0.2,0.0,2,0.4,0,2.2,2.322,0.4,0.4644,0,2
330,2.37,0.0,0.2,0.0,0.0,0.2,0.0,0.0,5.0,0.2,0.0,0.2,0.0,2,0.4,0,2.0,1.4,0.4,0.28,0,2
331,2.37,0.02,0.2,0.004,0.05,0.2,0.01,0.07,5.0,0.2,0.0,0.2,0.0,2,0.4,0,2.0,1.414,0.4,0.2828,0,2
332,2.37,0.14,0.2,0.028,0.08,0.2,0.016,0.22,5.0,0.2,0.0,0.2,0.0,2,0.4,0,2.0,1.444,0.4,0.2888,0,2
333,2.37,0.09,0.2,0.018,0.0,0.2,0.0,0.09,5.0,0.2,0.0,0.2,0.0,2,0.4,0,2.0,1.418,0.4,0.2836,0,2
334,2.37,0.0,0.2,0.0,0.0,0.2,0.0,0.0,5.0,0.2,0.0,0.2,0.0,2,0.4,0,2.0,1.4,0.4,0.28,0,2
335,2.37,0.0,0.2,0.0,0.0,0.2,0.0,0.0,5.0,0.2,0.0,0.2,0.0,2,0.4,0,2.0,1.4,0.4,0.28,0,2
336,2.37,0.01,0.2,0.002,0.007,0.2,0.0014,0.017,5.0,0.2,0.0,0.2,0.0,2,0.4,0,2.0,1.4034,0.4,0.28068,0,2
337,2.37,0.17,0.2,0.034,0.04,0.2,0.008,0.21,5.0,0.2,0.0,0.2,0.0,2,0.4,0,2.0,1.442,0.4,0.2884,0,2
338,2.37,1.66,0.4,0.664,0.83,0.2,0.166,2.49,5.0,0.2,0.31,0.2,0.062,6,1.2,0,2.6,3.092,1.2,1.8552,1,2
339,2.37,0.5,0.2,0.1,0.04,0.2,0.008,0.54,5.0,0.2,0.0,0.2,0.0,6,1.2,0,2.4,2.308,1.2,1.3848,1,2
340,2.37,0.9,0.2,0.18,0.29,0.2,0.058,1.19,5.0,0.2,1.22,0.2,0.244,6,1.2,0,2.4,2.682,1.2,1.6092,1,2
341,2.37,0.0,0.2,0.0,0.0,0.2,0.0,0.0,5.0,0.2,0.23,0.2,0.046,6,1.2,0,2.4,2.246,1.2,1.3476,1,2
343,1.99,0.58,0.2,0.116,0.0,0.2,0.0,0.58,5.0,0.2,0.0,0.2,0.0,2,0.4,0,2.0,1.516,0.4,0.3032,0,2
344,1.99,1.52,0.4,0.608,0.0,0.2,0.0,1.52,5.0,0.2,6.96,0.4,2.784,2,0.4,0,2.4,4.792,0.4,0.9584,0,4
345,1.99,0.9,0.2,0.18,0.0,0.2,0.0,0.9,5.0,0.2,1.95,0.2,0.39,2,0.4,0,2.0,1.97,0.4,0.394,0,2
346,1.99,1.19,0.4,0.476,0.0,0.2,0.0,1.19,5.0,0.2,0.0,0.2,0.0,2,0.4,0,2.2,1.876,0.4,0.3752,0,2
347,1.99,0.53,0.2,0.106,0.0,0.2,0.0,0.53,5.0,0.2,2.33,0.2,0.466,2,0.4,0,2.0,1.972,0.4,0.3944,0,2
348,1.99,0.93,0.2,0.186,0.0,0.2,0.0,0.93,5.0,0.2,0.11,0.2,0.022,2,0.4,0,2.0,1.608,0.4,0.3216,0,2
349,1.99,1.89,0.4,0.756,0.0,0.2,0.0,1.89,5.0,0.2,0.0,0.2,0.0,2,0.4,0,2.2,2.156,0.4,0.4312,0,2
350,1.99,1.71,0.4,0.684,0.0,0.2,0.0,1.71,5.0,0.2,0.09,0.2,0.018,2,0.4,0,2.2,2.102,0.4,0.4204,0,2
351,1.99,0.3,0.2,0.06,0.0,0.2,0.0,0.3,5.0,0.2,0.0,0.2,0.0,2,0.4,0,2.0,1.46,0.4,0.292,0,2
352,1.99,0.76,0.2,0.152,0.0,0.2,0.0,0.76,5.0,0.2,7.48,0.4,2.992,2,0.4,0,2.2,4.544,0.4,0.9088,0,4
353,1.99,0.96,0.2,0.192,0.0,0.2,0.0,0.96,5.0,0.2,9.45,0.4,3.78,2,0.4,0,2.2,5.372,0.4,1.0744,1,4
354,1.99,1.26,0.4,0.504,0.0,0.2,0.0,1.26,5.0,0.2,0.0,0.2,0.0,2,0.4,0,2.2,1.904,0.4,0.3808,0,2
355,1.99,0.55,0.2,0.11,0.0,0.2,0.0,0.55,5.0,0.2,0.67,0.2,0.134,2,0.4,0,2.0,1.644,0.4,0.3288,0,2
356,1.99,0.29,0.2,0.058,0.0,0.2,0.0,0.29,5.0,0.2,0.06,0.2,0.012,2,0.4,0,2.0,1.47,0.4,0.294,0,2
357,1.99,1.27,0.4,0.508,0.0,0.2,0.0,1.27,5.0,0.2,2.77,0.2,0.554,2,0.4,0,2.2,2.462,0.4,0.4924,0,2
358,1.99,1.34,0.4,0.536,0.0,0.2,0.0,1.34,5.0,0.2,0.0,0.2,0.0,2,0.4,0,2.2,1.936,0.4,0.3872,0,2
359,1.99,0.56,0.2,0.112,0.0,0.2,0.0,0.56,5.0,0.2,1.75,0.2,0.35,2,0.4,0,2.0,1.862,0.4,0.3724,0,2
360,1.99,0.86,0.2,0.172,0.0,0.2,0.0,0.86,5.0,0.2,0.0,0.2,0.0,6,1.2,0,2.4,2.372,1.2,1.4232,1,2
361,1.99,1.62,0.4,0.648,0.0,0.2,0.0,1.62,5.0,0.2,0.0,0.2,0.0,6,1.2,0,2.6,2.848,1.2,1.7088,1,2
362,1.99,3.02,0.6,1.812,0.0,0.2,0.0,3.02,5.0,0.2,0.0,0.2,0.0,6,1.2,0,2.8,4.012,1.2,2.4072,1,2
363,1.99,0.59,0.2,0.118,0.0,0.2,0.0,0.59,5.0,0.2,0.0,0.2,0.0,6,1.2,0,2.4,2.318,1.2,1.3908,1,2
364,1.99,1.1,0.4,0.44,0.0,0.2,0.0,1.1,5.0,0.2,0.0,0.2,0.0,2,0.4,0,2.2,1.84,0.4,0.368,0,2
365,1.99,1.03,0.4,0.412,0.0,0.2,0.0,1.03,5.0,0.2,27.28,0.6,16.368,2,0.4,0,2.6,18.18,0.4,3.636,1,6
366,1.99,0.66,0.2,0.132,0.0,0.2,0.0,0.66,5.0,0.2,0.73,0.2,0.146,2,0.4,0,2.0,1.678,0.4,0.3356,0,2
367,1.99,0.48,0.2,0.096,0.0,0.2,0.0,0.48,5.0,0.2,0.47,0.2,0.094,2,0.4,0,2.0,1.59,0.4,0.318,0,2
368,1.99,1.27,0.4,0.508,0.0,0.2,0.0,1.27,5.0,0.2,175.9,0.6,105.54,2,0.4,0,2.6,107.448,0.4,21.4896,1,6
369,1.99,0.43,0.2,0.086,0.0,0.2,0.0,0.43,5.0,0.2,13.54,0.6,8.124,2,0.4,0,2.4,9.61,0.4,1.922,1,6
370,1.99,1.65,0.4,0.66,0.0,0.2,0.0,1.65,5.0,0.2,0.01,0.2,0.002,2,0.4,0,2.2,2.062,0.4,0.4124,0,2
371,1.99,1.4,0.4,0.56,0.0,0.2,0.0,1.4,5.0,0.2,0.0,0.2,0.0,2,0.4,0,2.2,1.96,0.4,0.392,0,2
372,1.99,1.14,0.4,0.456,0.0,0.2,0.0,1.14,5.0,0.2,41.82,0.6,25.092,2,0.4,0,2.6,26.948,0.4,5.3896,1,6
373,1.99,0.45,0.2,0.09,0.0,0.2,0.0,0.45,5.0,0.2,0.0,0.2,0.0,2,0.4,0,2.0,1.49,0.4,0.298,0,2
374,1.99,0.6,0.2,0.12,0.0,0.2,0.0,0.6,5.0,0.2,0.0,0.2,0.0,2,0.4,0,2.0,1.52,0.4,0.304,0,2
375,1.99,0.85,0.2,0.17,0.0,0.2,0.0,0.85,5.0,0.2,0.0,0.2,0.0,2,0.4,0,2.0,1.57,0.4,0.314,0,2
376,1.99,1.19,0.4,0.476,0.0,0.2,0.0,1.19,5.0,0.2,29.76,0.6,17.856,2,0.4,0,2.6,19.732,0.4,3.9464,1,6
377,1.99,1.23,0.4,0.492,0.0,0.2,0.0,1.23,5.0,0.2,0.11,0.2,0.022,2,0.4,0,2.2,1.914,0.4,0.3828,0,2
378,1.99,1.12,0.4,0.448,0.0,0.2,0.0,1.12,5.0,0.2,0.05,0.2,0.01,2,0.4,0,2.2,1.858,0.4,0.3716,0,2
379,1.99,1.53,0.4,0.612,0.0,0.2,0.0,1.53,5.0,0.2,0.03,0.2,0.006,4,0.8,0,2.4,2.418,0.8,0.9672,0,2
380,1.99,0.77,0.2,0.154,0.0,0.2,0.0,0.77,5.0,0.2,0.0,0.2,0.0,4,0.8,0,2.2,1.954,0.8,0.7816,0,2
381,1.99,0.56,0.2,0.112,0.0,0.2,0.0,0.56,5.0,0.2,0.0,0.2,0.0,4,0.8,0,2.2,1.912,0.8,0.7648,0,2
382,1.99,1.82,0.4,0.728,0.0,0.2,0.0,1.82,5.0,0.2,85.13,0.6,51.078,4,0.8,0,2.8,53.606,0.8,21.4424,1,6
383,1.99,0.44,0.2,0.088,0.0,0.2,0.0,0.44,5.0,0.2,0.04,0.2,0.008,4,0.8,0,2.2,1.896,0.8,0.7584,0,2
384,1.99,1.46,0.4,0.584,0.0,0.2,0.0,1.46,5.0,0.2,0.0,0.2,0.0,2,0.4,0,2.2,1.984,0.4,0.3968,0,2
385,1.99,1.12,0.4,0.448,0.0,0.2,0.0,1.12,5.0,0.2,10.98,0.6,6.588,2,0.4,0,2.6,8.436,0.4,1.6872,1,6
386,1.99,1.56,0.4,0.624,0.0,0.2,0.0,1.56,5.0,0.2,0.1,0.2,0.02,2,0.4,0,2.2,2.044,0.4,0.4088,0,2
387,1.99,0.0,0.2,0.0,0.0,0.2,0.0,0.0,5.0,0.2,0.0,0.2,0.0,2,0.4,0,2.0,1.4,0.4,0.28,0,2
388,1.99,0.0,0.2,0.0,0.0,0.2,0.0,0.0,5.0,0.2,0.0,0.2,0.0,2,0.4,0,2.0,1.4,0.4,0.28,0,2
389,1.85,11.24,0.6,6.744,9.49,0.6,5.694,20.73,5.5,0.4,173.02,0.6,103.812,2,0.4,0,4.4,118.85,0.4,23.77,1,6
390,1.85,3.7,0.6,2.22,0.0,0.2,0.0,3.7,5.0,0.2,0.12,0.2,0.024,2,0.4,0,2.4,3.644,0.4,0.7288,0,2
392,1.85,0.47,0.2,0.094,1.59,0.4,0.636,2.06,5.0,0.2,1.24,0.2,0.248,2,0.4,0,2.6,2.378,0.4,0.4756,0,2
393,1.85,0.95,0.2,0.19,1.33,0.4,0.532,2.28,5.0,0.2,0.07,0.2,0.014,4,0.8,0,2.8,2.536,0.8,1.0144,1,2
394,1.85,13.15,0.6,7.89,1.63,0.4,0.652,14.78,5.0,0.2,1.19,0.2,0.238,4,0.8,0,3.2,10.58,0.8,4.232,1,2
395,1.85,3.17,0.6,1.902,0.44,0.2,0.088,3.61,5.0,0.2,0.0,0.2,0.0,4,0.8,0,2.6,3.79,0.8,1.516,1,2
396,1.85,7.02,0.6,4.212,1.77,0.4,0.708,8.79,5.0,0.2,0.0,0.2,0.0,4,0.8,0,3.2,6.72,0.8,2.688,1,2
397,1.85,0.0,0.2,0.0,0.0,0.2,0.0,0.0,5.0,0.2,0.0,0.2,0.0,2,0.4,0,2.0,1.4,0.4,0.28,0,2
399,1.85,0.0,0.2,0.0,0.0,0.2,0.0,0.0,5.0,0.2,10.53,0.6,6.318,4,0.8,0,2.6,8.118,0.8,3.2472,1,6
400,1.85,9.19,0.6,5.514,4.2,0.6,2.52,13.39,5.0,0.2,0.52,0.2,0.104,2,0.4,0,3.6,9.538,0.4,1.9076,1,2
401,1.85,9.14,0.6,5.484,1.22,0.4,0.488,10.36,5.0,0.2,0.0,0.2,0.0,6,1.2,0,3.4,8.172,1.2,4.9032,1,2
402,1.85,0.26,0.2,0.052,0.0,0.2,0.0,0.26,5.0,0.2,0.0,0.2,0.0,2,0.4,0,2.0,1.452,0.4,0.2904,0,2
403,1.85,3.05,0.6,1.83,0.05,0.2,0.01,3.1,5.0,0.2,0.0,0.2,0.0,2,0.4,0,2.4,3.24,0.4,0.648,0,2
404,1.85,0.56,0.2,0.112,72.0,0.6,43.2,72.56,5.0,0.2,0.51,0.2,0.102,2,0.4,0,3.2,44.814,0.4,8.9628,1,2
405,1.85,2.96,0.6,1.776,0.15,0.2,0.03,3.11,5.0,0.2,0.0,0.2,0.0,2,0.4,0,2.4,3.206,0.4,0.6412,0,2
406,1.85,2.48,0.6,1.488,0.0,0.2,0.0,2.48,5.0,0.2,0.0,0.2,0.0,2,0.4,0,2.4,2.888,0.4,0.5776,0,2
407,1.85,9.94,0.6,5.964,0.44,0.2,0.088,10.38,5.0,0.2,0.15,0.2,0.03,2,0.4,0,2.4,7.482,0.4,1.4964,1,2
408,1.85,5.13,0.6,3.078,0.09,0.2,0.018,5.22,5.0,0.2,0.01,0.2,0.002,2,0.4,0,2.4,4.498,0.4,0.8996,0,2
409,1.85,2.49,0.6,1.494,0.29,0.2,0.058,2.78,5.0,0.2,0.49,0.2,0.098,2,0.4,0,2.4,3.05,0.4,0.61,0,2
410,1.85,7.22,0.6,4.332,0.28,0.2,0.056,7.5,5.0,0.2,0.0,0.2,0.0,2,0.4,0,2.4,5.788,0.4,1.1576,1,2
411,1.85,0.71,0.2,0.142,0.66,0.2,0.132,1.37,5.0,0.2,0.0,0.2,0.0,2,0.4,0,2.0,1.674,0.4,0.3348,0,2
412,1.85,19.21,0.6,11.526,2.47,0.6,1.482,21.68,5.0,0.2,0.0,0.2,0.0,6,1.2,0,4.0,15.208,1.2,9.1248,1,2
415,1.85,4.04,0.6,2.424,0.0,0.2,0.0,4.04,5.0,0.2,0.79,0.2,0.158,6,1.2,0,2.8,4.782,1.2,2.8692,1,2
416,1.85,2.81,0.6,1.686,0.11,0.2,0.022,2.92,5.0,0.2,19.45,0.6,11.67,6,1.2,0,3.2,15.578,1.2,9.3468,1,6
417,1.85,5.87,0.6,3.522,0.0,0.2,0.0,5.87,5.0,0.2,0.44,0.2,0.088,6,1.2,0,2.8,5.81,1.2,3.486,1,2
418,1.85,1.75,0.4,0.7,0.0,0.2,0.0,1.75,5.0,0.2,0.35,0.2,0.07,6,1.2,0,2.6,2.97,1.2,1.782,1,2
419,1.85,2.05,0.6,1.23,0.0,0.2,0.0,2.05,5.0,0.2,3.53,0.2,0.706,6,1.2,0,2.8,4.136,1.2,2.4816,1,2
421,1.85,3.67,0.6,2.202,0.18,0.2,0.036,3.85,5.0,0.2,0.0,0.2,0.0,2,0.4,0,2.4,3.638,0.4,0.7276,0,2
422,1.85,0.64,0.2,0.128,0.95,0.2,0.19,1.59,5.0,0.2,0.0,0.2,0.0,2,0.4,1,2.2,2.118,0.8,0.8472,0,2
423,1.85,7.37,0.6,4.422,1.64,0.4,0.656,9.01,5.0,0.2,0.08,0.2,0.016,2,0.4,0,3.0,6.494,0.4,1.2988,1,2
424,1.85,10.79,0.6,6.474,0.67,0.2,0.134,11.46,5.0,0.2,0.04,0.2,0.008,2,0.4,0,2.4,8.016,0.4,1.6032,1,2
425,1.85,10.02,0.6,6.012,0.95,0.2,0.19,10.97,5.0,0.2,0.43,0.2,0.086,2,0.4,0,2.4,7.688,0.4,1.5376,1,2
426,1.85,0.44,0.2,0.088,0.62,0.2,0.124,1.06,5.0,0.2,0.64,0.2,0.128,2,0.4,0,2.0,1.74,0.4,0.348,0,2
427,1.85,2.89,0.6,1.734,0.11,0.2,0.022,3.0,5.0,0.2,0.04,0.2,0.008,2,0.4,0,2.4,3.164,0.4,0.6328,0,2
428,1.85,0.6,0.2,0.12,1.14,0.4,0.456,1.74,5.0,0.2,0.43,0.2,0.086,2,0.4,0,2.6,2.062,0.4,0.4124,0,2
429,1.85,0.79,0.2,0.158,1.01,0.4,0.404,1.8,5.0,0.2,0.57,0.2,0.114,2,0.4,0,2.6,2.076,0.4,0.4152,0,2
430,1.85,3.26,0.6,1.956,0.36,0.2,0.072,3.62,5.0,0.2,0.02,0.2,0.004,2,0.4,0,2.4,3.432,0.4,0.6864,0,2
431,1.85,8.94,0.6,5.364,1.32,0.4,0.528,10.26,5.0,0.2,0.02,0.2,0.004,2,0.4,0,3.0,7.296,0.4,1.4592,1,2
432,1.85,4.6,0.6,2.76,1.17,0.4,0.468,5.77,5.0,0.2,0.04,0.2,0.008,2,0.4,0,3.0,4.636,0.4,0.9272,0,2
433,1.85,7.01,0.6,4.206,1.12,0.4,0.448,8.13,5.0,0.2,0.1,0.2,0.02,2,0.4,0,3.0,6.074,0.4,1.2148,1,2
434,1.85,1.04,0.4,0.416,0.91,0.2,0.182,1.95,5.0,0.2,0.37,0.2,0.074,2,0.4,0,2.2,2.072,0.4,0.4144,0,2
435,1.85,2.81,0.6,1.686,0.41,0.2,0.082,3.22,5.0,0.2,0.0,0.2,0.0,2,0.4,0,2.4,3.168,0.4,0.6336,0,2
436,1.85,0.7,0.2,0.14,0.6,0.2,0.12,1.3,5.0,0.2,0.51,0.2,0.102,2,0.4,0,2.0,1.762,0.4,0.3524,0,2
437,1.85,0.78,0.2,0.156,0.97,0.2,0.194,1.75,5.0,0.2,0.97,0.2,0.194,2,0.4,0,2.0,1.944,0.4,0.3888,0,2
438,1.85,7.09,0.6,4.254,1.95,0.4,0.78,9.04,5.0,0.2,0.0,0.2,0.0,2,0.4,0,3.0,6.434,0.4,1.2868,1,2
439,1.85,1.39,0.4,0.556,1.1,0.4,0.44,2.49,5.0,0.2,0.0,0.2,0.0,2,0.4,0,2.8,2.396,0.4,0.4792,0,2
440,1.85,2.46,0.6,1.476,0.37,0.2,0.074,2.83,5.0,0.2,0.0,0.2,0.0,2,0.4,0,2.4,2.95,0.4,0.59,0,2
441,1.85,2.48,0.6,1.488,0.1,0.2,0.02,2.58,5.0,0.2,0.0,0.2,0.0,2,0.4,0,2.4,2.908,0.4,0.5816,0,2
442,1.85,1.28,0.4,0.512,1.75,0.4,0.7,3.03,5.0,0.2,0.0,0.2,0.0,2,0.4,0,2.8,2.612,0.4,0.5224,0,2
443,1.85,3.83,0.6,2.298,0.28,0.2,0.056,4.11,5.0,0.2,0.0,0.2,0.0,2,0.4,0,2.4,3.754,0.4,0.7508,0,2
444,1.85,3.74,0.6,2.244,0.55,0.2,0.11,4.29,5.0,0.2,0.0,0.2,0.0,2,0.4,0,2.4,3.754,0.4,0.7508,0,2
445,1.85,11.44,0.6,6.864,1.41,0.4,0.564,12.85,5.0,0.2,0.04,0.2,0.008,2,0.4,0,3.0,8.836,0.4,1.7672,1,2
446,1.85,4.99,0.6,2.994,0.64,0.2,0.128,5.63,5.0,0.2,0.0,0.2,0.0,2,0.4,0,2.4,4.522,0.4,0.9044,0,2
447,1.85,8.25,0.6,4.95,1.59,0.4,0.636,9.84,5.0,0.2,0.02,0.2,0.004,2,0.4,0,3.0,6.99,0.4,1.398,1,2
448,1.85,0.25,0.2,0.05,1.8,0.4,0.72,2.05,5.0,0.2,0.74,0.2,0.148,2,0.4,0,2.6,2.318,0.4,0.4636,0,2
449,1.85,7.2,0.6,4.32,0.43,0.2,0.086,7.63,5.0,0.2,0.01,0.2,0.002,2,0.4,0,2.4,5.808,0.4,1.1616,1,2
450,1.85,0.73,0.2,0.146,1.24,0.4,0.496,1.97,5.0,0.2,0.2,0.2,0.04,2,0.4,0,2.6,2.082,0.4,0.4164,0,2
451,1.85,5.2,0.6,3.12,0.0,0.2,0.0,5.2,5.0,0.2,0.0,0.2,0.0,2,0.4,0,2.4,4.52,0.4,0.904,0,2
452,1.85,1.16,0.4,0.464,0.0,0.2,0.0,1.16,5.0,0.2,0.11,0.2,0.022,6,1.2,0,2.6,2.686,1.2,1.6116,1,2
453,1.85,0.0,0.2,0.0,0.0,0.2,0.0,0.0,5.0,0.2,0.19,0.2,0.038,6,1.2,0,2.4,2.238,1.2,1.3428,1,2
454,1.85,0.65,0.2,0.13,0.03,0.2,0.006,0.68,5.0,0.2,0.14,0.2,0.028,2,0.4,0,2.0,1.564,0.4,0.3128,0,2
455,1.85,0.79,0.2,0.158,0.0,0.2,0.0,0.79,5.0,0.2,3.54,0.2,0.708,2,0.4,0,2.0,2.266,0.4,0.4532,0,2
456,1.85,3.28,0.6,1.968,0.25,0.2,0.05,3.53,5.0,0.2,0.04,0.2,0.008,6,1.2,0,2.8,4.226,1.2,2.5356,1,2
457,1.85,0.9,0.2,0.18,0.0,0.2,0.0,0.9,5.0,0.2,0.13,0.2,0.026,6,1.2,0,2.4,2.406,1.2,1.4436,1,2
458,1.85,5.0,0.6,3.0,0.54,0.2,0.108,5.54,5.0,0.2,0.0,0.2,0.0,2,0.4,0,2.4,4.508,0.4,0.9016,0,2
459,1.85,7.07,0.6,4.242,0.72,0.2,0.144,7.79,5.0,0.2,0.0,0.2,0.0,2,0.4,0,2.4,5.786,0.4,1.1572,1,2
460,1.85,1.08,0.4,0.432,1.98,0.4,0.792,3.06,5.0,0.2,3.92,0.2,0.784,2,0.4,0,2.8,3.408,0.4,0.6816,0,2
461,1.85,3.46,0.6,2.076,0.09,0.2,0.018,3.55,5.0,0.2,0.06,0.2,0.012,2,0.4,0,2.4,3.506,0.4,0.7012,0,2
462,1.85,0.6,0.2,0.12,1.08,0.4,0.432,1.68,5.0,0.2,0.33,0.2,0.066,2,0.4,0,2.6,2.018,0.4,0.4036,0,2
463,1.85,3.92,0.6,2.352,1.08,0.4,0.432,5.0,5.0,0.2,0.0,0.2,0.0,2,0.4,0,3.0,4.184,0.4,0.8368,0,2
465,1.85,0.99,0.2,0.198,0.0,0.2,0.0,0.99,5.0,0.2,0.0,0.2,0.0,4,0.8,0,2.2,1.998,0.8,0.7992,0,2
466,1.85,0.17,0.2,0.034,0.11,0.2,0.022,0.28,5.0,0.2,0.0,0.2,0.0,2,0.4,0,2.0,1.456,0.4,0.2912,0,2
468,1.85,1.69,0.4,0.676,0.21,0.2,0.042,1.9,5.0,0.2,0.0,0.2,0.0,2,0.4,0,2.2,2.118,0.4,0.4236,0,2
469,1.85,0.18,0.2,0.036,0.63,0.2,0.126,0.81,5.0,0.2,0.0,0.2,0.0,2,0.4,0,2.0,1.562,0.4,0.3124,0,2
470,1.85,0.01,0.2,0.002,0.91,0.2,0.182,0.92,5.0,0.2,0.0,0.2,0.0,2,0.4,0,2.0,1.584,0.4,0.3168,0,2
471,1.85,0.88,0.2,0.176,1.5,0.4,0.6,2.38,5.0,0.2,0.19,0.2,0.038,2,0.4,0,2.6,2.214,0.4,0.4428,0,2
472,1.85,1.17,0.4,0.468,0.15,0.2,0.03,1.32,5.0,0.2,0.0,0.2,0.0,2,0.4,0,2.2,1.898,0.4,0.3796,0,2
473,1.85,0.0,0.2,0.0,0.0,0.2,0.0,0.0,5.0,0.2,0.0,0.2,0.0,4,0.8,0,2.2,1.8,0.8,0.72,0,2
474,1.85,0.0,0.2,0.0,0.0,0.2,0.0,0.0,5.0,0.2,0.0,0.2,0.0,2,0.4,0,2.0,1.4,0.4,0.28,0,2
475,1.85,0.0,0.2,0.0,0.0,0.2,0.0,0.0,5.0,0.2,0.2,0.2,0.04,4,0.8,0,2.2,1.84,0.8,0.736,0,2
476,1.85,0.0,0.2,0.0,0.0,0.2,0.0,0.0,5.0,0.2,0.0,0.2,0.0,2,0.4,0,2.0,1.4,0.4,0.28,0,2
477,1.85,0.0,0.2,0.0,0.0,0.2,0.0,0.0,5.0,0.2,0.0,0.2,0.0,6,1.2,0,2.4,2.2,1.2,1.32,1,2
478,1.85,0.99,0.2,0.198,0.11,0.2,0.022,1.1,5.0,0.2,0.0,0.2,0.0,6,1.2,0,2.4,2.42,1.2,1.452,1,2
479,1.85,0.21,0.2,0.042,0.0,0.2,0.0,0.21,5.0,0.2,0.0,0.2,0.0,2,0.4,0,2.0,1.442,0.4,0.2884,0,2
480,1.85,2.2,0.6,1.32,0.28,0.2,0.056,2.48,5.0,0.2,0.0,0.2,0.0,2,0.4,0,2.4,2.776,0.4,0.5552,0,2
481,1.85,3.31,0.6,1.986,0.17,0.2,0.034,3.48,5.0,0.2,0.0,0.2,0.0,2,0.4,0,2.4,3.42,0.4,0.684,0,2
482,1.85,2.43,0.6,1.458,0.27,0.2,0.054,2.7,5.0,0.2,0.0,0.2,0.0,2,0.4,0,2.4,2.912,0.4,0.5824,0,2
483,1.85,13.91,0.6,8.346,0.5,0.2,0.1,14.41,5.0,0.2,0.19,0.2,0.038,2,0.4,0,2.4,9.884,0.4,1.9768,1,2
487,2.37,0.56,0.2,0.112,0.7,0.2,0.14,1.26,5.0,0.2,0.0,0.2,0.0,6,1.2,0,2.4,2.452,1.2,1.4712,1,2
488,2.37,0.56,0.2,0.112,0.08,0.2,0.016,0.64,5.0,0.2,0.05,0.2,0.01,6,1.2,0,2.4,2.338,1.2,1.4028,1,2
489,2.34,3.95,0.6,2.37,0.0,0.2,0.0,0.0,5.5,0.4,83.96,0.6,50.376,6,1.2,1,3.8,56.546,1.6,45.2368,1,6
490,2.34,0.0,0.2,0.0,0.0,0.2,0.0,0.0,5.0,0.2,0.0,0.2,0.0,2,0.4,0,2.0,1.4,0.4,0.28,0,2
491,2.34,0.0,0.2,0.0,0.0,0.2,0.0,0.0,5.0,0.2,0.0,0.2,0.0,2,0.4,0,2.0,1.4,0.4,0.28,0,2
492,2.34,0.0,0.2,0.0,0.0,0.2,0.0,0.0,5.0,0.2,0.0,0.2,0.0,2,0.4,0,2.0,1.4,0.4,0.28,0,2
493,2.34,0.0,0.2,0.0,0.0,0.2,0.0,0.0,5.0,0.2,0.0,0.2,0.0,2,0.4,0,2.0,1.4,0.4,0.28,0,2
496,15.56,0.0,0.2,0.0,0.0,0.2,0.0,0.0,5.0,0.2,23.97,0.6,14.382,6,1.2,0,2.8,16.582,1.2,9.9492,1,6
497,17.68,2.52,0.6,1.512,20.28,0.6,12.168,22.8,5.0,0.2,70.56,0.6,42.336,6,1.2,0,4.4,58.216,1.2,34.9296,1,6
498,21.61,3.14,0.6,1.884,5.68,0.6,3.408,8.82,5.5,0.4,11.33,0.6,6.798,4,0.8,0,4.6,15.09,0.8,6.036,1,6
499,21.61,0.88,0.2,0.176,1.07,0.4,0.428,1.95,5.0,0.2,0.76,0.2,0.152,2,0.4,0,2.6,2.156,0.4,0.4312,0,2
500,21.61,0.8,0.2,0.16,0.82,0.2,0.164,1.62,5.0,0.2,1.32,0.2,0.264,2,0.4,0,2.0,1.988,0.4,0.3976,0,2
501,21.61,0.7,0.2,0.14,0.72,0.2,0.144,1.42,5.0,0.2,0.0,0.2,0.0,2,0.4,0,2.0,1.684,0.4,0.3368,0,2
502,21.61,0.0,0.2,0.0,0.39,0.2,0.078,0.39,5.0,0.2,0.24,0.2,0.048,2,0.4,0,2.0,1.526,0.4,0.3052,0,2
503,21.61,0.33,0.2,0.066,0.0,0.2,0.0,0.33,5.0,0.2,0.0,0.2,0.0,2,0.4,0,2.0,1.466,0.4,0.2932,0,2
504,21.61,0.28,0.2,0.056,0.16,0.2,0.032,0.44,5.0,0.2,0.0,0.2,0.0,2,0.4,0,2.0,1.488,0.4,0.2976,0,2
505,21.61,0.19,0.2,0.038,0.27,0.2,0.054,0.46,5.0,0.2,0.65,0.2,0.13,2,0.4,0,2.0,1.622,0.4,0.3244,0,2
506,21.61,0.53,0.2,0.106,0.62,0.2,0.124,1.15,5.0,0.2,0.01,0.2,0.002,2,0.4,0,2.0,1.632,0.4,0.3264,0,2
507,21.61,0.46,0.2,0.092,0.88,0.2,0.176,1.34,5.0,0.2,0.58,0.2,0.116,2,0.4,0,2.0,1.784,0.4,0.3568,0,2
508,21.61,0.31,0.2,0.062,0.28,0.2,0.056,0.59,5.0,0.2,0.0,0.2,0.0,2,0.4,0,2.0,1.518,0.4,0.3036,0,2
510,21.61,0.75,0.2,0.15,0.9,0.2,0.18,1.65,5.0,0.2,1.4,0.2,0.28,2,0.4,0,2.0,2.01,0.4,0.402,0,2
511,21.61,0.85,0.2,0.17,0.93,0.2,0.186,1.78,5.0,0.2,0.0,0.2,0.0,2,0.4,0,2.0,1.756,0.4,0.3512,0,2
512,21.61,0.34,0.2,0.068,0.36,0.2,0.072,0.7,5.0,0.2,0.03,0.2,0.006,2,0.4,0,2.0,1.546,0.4,0.3092,0,2
513,21.61,0.66,0.2,0.132,0.81,0.2,0.162,1.47,5.0,0.2,0.03,0.2,0.006,2,0.4,0,2.0,1.7,0.4,0.34,0,2
514,21.61,0.59,0.2,0.118,0.69,0.2,0.138,1.28,5.0,0.2,0.0,0.2,0.0,2,0.4,0,2.0,1.656,0.4,0.3312,0,2
515,21.61,0.61,0.2,0.122,0.63,0.2,0.126,1.24,5.0,0.2,0.0,0.2,0.0,2,0.4,0,2.0,1.648,0.4,0.3296,0,2
516,21.61,0.72,0.2,0.144,0.8,0.2,0.16,1.52,5.0,0.2,0.02,0.2,0.004,2,0.4,0,2.0,1.708,0.4,0.3416,0,2
517,21.61,0.37,0.2,0.074,0.1,0.2,0.02,0.47,5.0,0.2,0.0,0.2,0.0,2,0.4,0,2.0,1.494,0.4,0.2988,0,2
518,21.61,0.62,0.2,0.124,0.71,0.2,0.142,1.33,5.0,0.2,0.08,0.2,0.016,2,0.4,0,2.0,1.682,0.4,0.3364,0,2
519,21.61,0.98,0.2,0.196,1.14,0.4,0.456,2.12,5.0,0.2,0.0,0.2,0.0,2,0.4,0,2.6,2.052,0.4,0.4104,0,2
520,21.61,0.32,0.2,0.064,0.0,0.2,0.0,0.32,5.0,0.2,0.0,0.2,0.0,2,0.4,0,2.0,1.464,0.4,0.2928,0,2
521,21.61,0.56,0.2,0.112,0.63,0.2,0.126,1.19,5.0,0.2,0.09,0.2,0.018,2,0.4,0,2.0,1.656,0.4,0.3312,0,2
522,21.61,0.54,0.2,0.108,0.56,0.2,0.112,1.1,5.0,0.2,0.8,0.2,0.16,2,0.4,0,2.0,1.78,0.4,0.356,0,2
523,21.61,0.63,0.2,0.126,0.69,0.2,0.138,1.32,5.0,0.2,0.32,0.2,0.064,2,0.4,0,2.0,1.728,0.4,0.3456,0,2
524,21.61,0.37,0.2,0.074,0.46,0.2,0.092,0.83,5.0,0.2,0.0,0.2,0.0,2,0.4,0,2.0,1.566,0.4,0.3132,0,2
525,21.61,0.0,0.2,0.0,0.0,0.2,0.0,0.0,5.0,0.2,0.0,0.2,0.0,2,0.4,0,2.0,1.4,0.4,0.28,0,2
526,21.61,0.29,0.2,0.058,0.33,0.2,0.066,0.62,5.0,0.2,0.0,0.2,0.0,2,0.4,0,2.0,1.524,0.4,0.3048,0,2
527,21.61,0.67,0.2,0.134,0.76,0.2,0.152,1.43,5.0,0.2,0.0,0.2,0.0,2,0.4,0,2.0,1.686,0.4,0.3372,0,2
528,21.61,0.43,0.2,0.086,0.0,0.2,0.0,0.43,5.0,0.2,0.0,0.2,0.0,2,0.4,0,2.0,1.486,0.4,0.2972,0,2
529,21.61,0.67,0.2,0.134,0.75,0.2,0.15,1.42,5.0,0.2,0.39,0.2,0.078,2,0.4,0,2.0,1.762,0.4,0.3524,0,2
530,21.61,0.84,0.2,0.168,1.09,0.4,0.436,1.93,5.0,0.2,0.0,0.2,0.0,2,0.4,0,2.6,2.004,0.4,0.4008,0,2
531,21.61,0.52,0.2,0.104,0.68,0.2,0.136,1.2,5.0,0.2,0.0,0.2,0.0,2,0.4,0,2.0,1.64,0.4,0.328,0,2
532,21.61,0.38,0.2,0.076,0.48,0.2,0.096,0.86,5.0,0.2,0.33,0.2,0.066,2,0.4,0,2.0,1.638,0.4,0.3276,0,2
533,21.61,0.19,0.2,0.038,0.23,0.2,0.046,0.42,5.0,0.2,0.0,0.2,0.0,2,0.4,0,2.0,1.484,0.4,0.2968,0,2
534,21.61,0.27,0.2,0.054,0.35,0.2,0.07,0.62,5.0,0.2,0.0,0.2,0.0,2,0.4,0,2.0,1.524,0.4,0.3048,0,2
535,21.61,0.34,0.2,0.068,0.27,0.2,0.054,0.61,5.0,0.2,0.0,0.2,0.0,2,0.4,0,2.0,1.522,0.4,0.3044,0,2
536,21.61,0.02,0.2,0.004,0.66,0.2,0.132,0.68,5.0,0.2,0.0,0.2,0.0,2,0.4,0,2.0,1.536,0.4,0.3072,0,2
537,21.61,0.0,0.2,0.0,0.0,0.2,0.0,0.0,5.0,0.2,0.03,0.2,0.006,2,0.4,0,2.0,1.406,0.4,0.2812,0,2
538,21.61,0.0,0.2,0.0,0.0,0.2,0.0,0.0,5.0,0.2,0.0,0.2,0.0,2,0.4,0,2.0,1.4,0.4,0.28,0,2
539,59.85,1.94,0.4,0.776,6.69,0.6,4.014,8.63,5.5,0.4,13.3,0.6,7.98,6,1.2,1,4.8,16.57,1.6,13.256,1,6
540,59.85,0.0,0.2,0.0,0.0,0.2,0.0,0.0,5.0,0.2,0.29,0.2,0.058,2,0.4,0,2.0,1.458,0.4,0.2916,0,2
541,59.85,0.0,0.2,0.0,0.0,0.2,0.0,0.0,5.0,0.2,3.3,0.2,0.66,2,0.4,0,2.0,2.06,0.4,0.412,0,2
542,59.85,0.27,0.2,0.054,0.0,0.2,0.0,0.27,5.0,0.2,16.09,0.6,9.654,2,0.4,0,2.4,11.108,0.4,2.2216,1,6
543,59.85,0.0,0.2,0.0,0.0,0.2,0.0,0.0,5.0,0.2,1.44,0.2,0.288,2,0.4,0,2.0,1.688,0.4,0.3376,0,2
544,59.85,0.03,0.2,0.006,0.0,0.2,0.0,0.03,5.0,0.2,1.66,0.2,0.332,2,0.4,0,2.0,1.738,0.4,0.3476,0,2
545,59.85,0.0,0.2,0.0,0.0,0.2,0.0,0.0,5.0,0.2,0.19,0.2,0.038,2,0.4,0,2.0,1.438,0.4,0.2876,0,2
546,59.85,0.0,0.2,0.0,0.0,0.2,0.0,0.0,5.0,0.2,0.7,0.2,0.14,2,0.4,0,2.0,1.54,0.4,0.308,0,2
547,59.85,0.05,0.2,0.01,0.0,0.2,0.0,0.05,5.0,0.2,0.63,0.2,0.126,2,0.4,0,2.0,1.536,0.4,0.3072,0,2
548,59.85,0.0,0.2,0.0,0.0,0.2,0.0,0.0,5.0,0.2,0.93,0.2,0.186,2,0.4,0,2.0,1.586,0.4,0.3172,0,2
549,59.85,0.03,0.2,0.006,0.0,0.2,0.0,0.03,5.0,0.2,1.22,0.2,0.244,2,0.4,0,2.0,1.65,0.4,0.33,0,2
551,59.85,0.01,0.2,0.002,0.11,0.2,0.022,0.12,5.0,0.2,1.03,0.2,0.206,2,0.4,0,2.0,1.63,0.4,0.326,0,2
552,59.85,0.0,0.2,0.0,0.0,0.2,0.0,0.0,5.0,0.2,2.86,0.2,0.572,2,0.4,0,2.0,1.972,0.4,0.3944,0,2
553,59.85,0.03,0.2,0.006,0.0,0.2,0.0,0.03,5.0,0.2,1.55,0.2,0.31,2,0.4,0,2.0,1.716,0.4,0.3432,0,2
554,59.85,0.0,0.2,0.0,0.0,0.2,0.0,0.0,5.0,0.2,2.39,0.2,0.478,2,0.4,0,2.0,1.878,0.4,0.3756,0,2
555,59.85,0.07,0.2,0.014,0.0,0.2,0.0,0.07,5.0,0.2,10.4,0.6,6.24,2,0.4,0,2.4,7.654,0.4,1.5308,1,6
556,59.85,0.0,0.2,0.0,0.0,0.2,0.0,0.0,5.0,0.2,1.3,0.2,0.26,4,0.8,0,2.2,2.06,0.8,0.824,0,2
557,59.85,0.31,0.2,0.062,0.0,0.2,0.0,0.31,5.0,0.2,0.0,0.2,0.0,2,0.4,0,2.0,1.462,0.4,0.2924,0,2
558,59.85,0.15,0.2,0.03,0.0,0.2,0.0,0.15,5.0,0.2,0.05,0.2,0.01,2,0.4,0,2.0,1.44,0.4,0.288,0,2
559,59.85,0.0,0.2,0.0,0.0,0.2,0.0,0.0,5.0,0.2,0.0,0.2,0.0,2,0.4,0,2.0,1.4,0.4,0.28,0,2
560,59.85,0.01,0.2,0.002,0.0,0.2,0.0,0.01,5.0,0.2,0.6,0.2,0.12,2,0.4,0,2.0,1.522,0.4,0.3044,0,2
561,59.85,0.15,0.2,0.03,0.0,0.2,0.0,0.15,5.0,0.2,0.0,0.2,0.0,2,0.4,0,2.0,1.43,0.4,0.286,0,2
562,59.85,0.2,0.2,0.04,0.28,0.2,0.056,0.48,5.0,0.2,0.0,0.2,0.0,2,0.4,0,2.0,1.496,0.4,0.2992,0,2
563,59.85,0.06,0.2,0.012,0.0,0.2,0.0,0.06,5.0,0.2,0.0,0.2,0.0,2,0.4,0,2.0,1.412,0.4,0.2824,0,2
564,59.85,0.3,0.2,0.06,0.0,0.2,0.0,0.3,5.0,0.2,0.0,0.2,0.0,2,0.4,0,2.0,1.46,0.4,0.292,0,2
565,59.85,0.0,0.2,0.0,0.0,0.2,0.0,0.0,5.0,0.2,0.0,0.2,0.0,2,0.4,0,2.0,1.4,0.4,0.28,0,2
566,59.85,0.0,0.2,0.0,0.0,0.2,0.0,0.0,5.0,0.2,0.0,0.2,0.0,2,0.4,0,2.0,1.4,0.4,0.28,0,2
567,59.85,0.29,0.2,0.058,0.0,0.2,0.0,0.29,5.0,0.2,0.04,0.2,0.008,2,0.4,0,2.0,1.466,0.4,0.2932,0,2
568,59.85,0.48,0.2,0.096,0.0,0.2,0.0,0.48,5.0,0.2,0.0,0.2,0.0,2,0.4,0,2.0,1.496,0.4,0.2992,0,2
569,59.85,0.39,0.2,0.078,0.39,0.2,0.078,0.78,5.0,0.2,0.17,0.2,0.034,4,0.8,0,2.2,1.99,0.8,0.796,0,2
570,59.85,0.21,0.2,0.042,0.0,0.2,0.0,0.21,5.0,0.2,0.33,0.2,0.066,4,0.8,0,2.2,1.908,0.8,0.7632,0,2
571,59.85,0.0,0.2,0.0,0.0,0.2,0.0,0.0,5.0,0.2,0.0,0.2,0.0,2,0.4,0,2.0,1.4,0.4,0.28,0,2
572,59.85,0.42,0.2,0.084,0.0,0.2,0.0,0.42,5.0,0.2,0.0,0.2,0.0,4,0.8,0,2.2,1.884,0.8,0.7536,0,2
573,59.85,0.04,0.2,0.008,0.0,0.2,0.0,0.04,5.0,0.2,0.22,0.2,0.044,2,0.4,0,2.0,1.452,0.4,0.2904,0,2
574,59.85,0.0,0.2,0.0,0.22,0.2,0.044,0.22,5.0,0.2,0.0,0.2,0.0,2,0.4,0,2.0,1.444,0.4,0.2888,0,2
575,59.85,0.0,0.2,0.0,0.0,0.2,0.0,0.0,5.0,0.2,0.0,0.2,0.0,2,0.4,0,2.0,1.4,0.4,0.28,0,2
576,55.57,0.29,0.2,0.058,0.39,0.2,0.078,0.68,5.5,0.4,0.05,0.2,0.01,2,0.4,0,2.4,2.746,0.4,0.5492,0,2
577,55.57,0.0,0.2,0.0,1.96,0.4,0.784,1.96,5.0,0.2,0.4,0.2,0.08,2,0.4,0,2.6,2.264,0.4,0.4528,0,2
578,55.57,2.24,0.6,1.344,7.26,0.6,4.356,9.5,5.0,0.2,0.24,0.2,0.048,2,0.4,0,3.6,7.148,0.4,1.4296,1,2
579,55.57,0.62,0.2,0.124,0.42,0.2,0.084,1.04,5.0,0.2,0.0,0.2,0.0,2,0.4,0,2.0,1.608,0.4,0.3216,0,2
580,55.57,1.7,0.4,0.68,5.91,0.6,3.546,7.61,5.0,0.2,3.68,0.2,0.736,4,0.8,0,3.6,6.762,0.8,2.7048,1,2
581,55.57,0.95,0.2,0.19,0.72,0.2,0.144,1.67,5.0,0.2,0.0,0.2,0.0,4,0.8,0,2.2,2.134,0.8,0.8536,0,2
582,55.57,0.0,0.2,0.0,0.0,0.2,0.0,0.0,5.5,0.4,85.05,0.6,51.03,6,1.2,0,3.2,54.43,1.2,32.658,1,6
583,55.57,2.59,0.6,1.554,111.9,0.6,67.14,114.49,5.0,0.2,8.47,0.4,3.388,6,1.2,0,4.2,74.282,1.2,44.5692,1,4
585,55.57,1.2,0.4,0.48,0.54,0.2,0.108,1.74,5.0,0.2,0.45,0.2,0.09,2,0.4,0,2.2,2.078,0.4,0.4156,0,2
586,55.57,0.26,0.2,0.052,0.21,0.2,0.042,0.47,5.0,0.2,0.05,0.2,0.01,2,0.4,0,2.0,1.504,0.4,0.3008,0,2
587,55.57,0.7,0.2,0.14,0.19,0.2,0.038,0.89,5.0,0.2,0.0,0.2,0.0,2,0.4,0,2.0,1.578,0.4,0.3156,0,2
588,55.57,1.59,0.4,0.636,0.13,0.2,0.026,1.72,5.0,0.2,0.11,0.2,0.022,2,0.4,0,2.2,2.084,0.4,0.4168,0,2
589,55.57,0.0,0.2,0.0,0.0,0.2,0.0,0.0,5.0,0.2,0.02,0.2,0.004,2,0.4,0,2.0,1.404,0.4,0.2808,0,2
590,55.57,3.14,0.6,1.884,4.97,0.6,2.982,8.11,5.0,0.2,6.41,0.4,2.564,2,0.4,1,4.0,9.23,0.8,3.692,1,4
591,55.57,0.68,0.2,0.136,1.47,0.4,0.588,2.15,5.0,0.2,0.0,0.2,0.0,2,0.4,0,2.6,2.124,0.4,0.4248,0,2
592,55.57,0.67,0.2,0.134,1.71,0.4,0.684,2.38,5.0,0.2,0.0,0.2,0.0,2,0.4,0,2.6,2.218,0.4,0.4436,0,2
593,55.57,2.54,0.6,1.524,5.52,0.6,3.312,8.06,5.0,0.2,0.49,0.2,0.098,2,0.4,0,3.6,6.334,0.4,1.2668,1,2
594,55.57,1.84,0.4,0.736,4.25,0.6,2.55,6.09,5.0,0.2,0.82,0.2,0.164,2,0.4,0,3.4,4.85,0.4,0.97,0,2
595,55.57,0.0,0.2,0.0,0.0,0.2,0.0,0.0,5.0,0.2,0.0,0.2,0.0,2,0.4,0,2.0,1.4,0.4,0.28,0,2
596,55.57,3.1,0.6,1.86,4.66,0.6,2.796,7.76,5.0,0.2,0.59,0.2,0.118,2,0.4,0,3.6,6.174,0.4,1.2348,1,2
597,55.57,0.79,0.2,0.158,0.46,0.2,0.092,1.25,5.0,0.2,0.28,0.2,0.056,2,0.4,0,2.0,1.706,0.4,0.3412,0,2
598,55.57,0.38,0.2,0.076,0.09,0.2,0.018,0.47,5.0,0.2,0.0,0.2,0.0,2,0.4,0,2.0,1.494,0.4,0.2988,0,2
599,55.57,2.41,0.6,1.446,4.69,0.6,2.814,7.1,5.0,0.2,0.25,0.2,0.05,2,0.4,0,3.6,5.71,0.4,1.142,1,2
600,55.57,0.0,0.2,0.0,0.0,0.2,0.0,0.0,5.0,0.2,0.0,0.2,0.0,2,0.4,0,2.0,1.4,0.4,0.28,0,2
601,55.57,1.26,0.4,0.504,1.58,0.4,0.632,2.84,5.0,0.2,6.5,0.4,2.6,2,0.4,0,3.0,5.136,0.4,1.0272,1,4
602,55.57,0.6,0.2,0.12,0.46,0.2,0.092,1.06,5.0,0.2,0.0,0.2,0.0,2,0.4,0,2.0,1.612,0.4,0.3224,0,2
603,55.57,1.24,0.4,0.496,2.27,0.6,1.362,3.51,5.0,0.2,0.0,0.2,0.0,6,1.2,0,3.8,4.058,1.2,2.4348,1,2
604,55.57,0.0,0.2,0.0,0.0,0.2,0.0,0.0,5.0,0.2,0.0,0.2,0.0,6,1.2,0,2.4,2.2,1.2,1.32,1,2
605,55.57,0.0006,0.2,0.00012,1.11,0.4,0.444,1.1106,5.0,0.2,0.0,0.2,0.0,6,1.2,0,3.0,2.64412,1.2,1.586472,1,2
606,55.57,1.49,0.4,0.596,2.34,0.6,1.404,3.83,5.0,0.2,0.25,0.2,0.05,2,0.4,0,3.4,3.45,0.4,0.69,0,2
607,55.57,1.27,0.4,0.508,2.0,0.6,1.2,3.27,5.0,0.2,0.18,0.2,0.036,2,0.4,0,3.4,3.144,0.4,0.6288,0,2
608,55.57,2.42,0.6,1.452,3.53,0.6,2.118,5.95,5.0,0.2,6.31,0.4,2.524,2,0.4,0,3.8,7.494,0.4,1.4988,1,4
609,55.57,0.69,0.2,0.138,0.81,0.2,0.162,1.5,5.0,0.2,0.0,0.2,0.0,2,0.4,0,2.0,1.7,0.4,0.34,0,2
610,55.57,1.85,0.4,0.74,4.16,0.6,2.496,6.01,5.0,0.2,0.51,0.2,0.102,2,0.4,0,3.4,4.738,0.4,0.9476,0,2
611,55.57,1.85,0.4,0.74,4.16,0.6,2.496,6.01,5.0,0.2,1.65,0.2,0.33,2,0.4,0,3.4,4.966,0.4,0.9932,0,2
612,55.57,2.45,0.6,1.47,5.47,0.6,3.282,7.92,5.0,0.2,5.61,0.4,2.244,2,0.4,0,3.8,8.396,0.4,1.6792,1,4
613,55.57,0.54,0.2,0.108,0.67,0.2,0.134,1.21,5.0,0.2,0.0,0.2,0.0,2,0.4,0,2.0,1.642,0.4,0.3284,0,2
614,55.57,0.0,0.2,0.0,0.0,0.2,0.0,0.0,5.0,0.2,0.0,0.2,0.0,2,0.4,0,2.0,1.4,0.4,0.28,0,2
615,55.57,1.45,0.4,0.58,5.79,0.6,3.474,7.24,5.0,0.2,0.69,0.2,0.138,2,0.4,0,3.4,5.592,0.4,1.1184,1,2
616,55.57,0.84,0.2,0.168,0.0,0.2,0.0,0.84,5.0,0.2,0.0,0.2,0.0,2,0.4,0,2.0,1.568,0.4,0.3136,0,2
617,55.57,0.0,0.2,0.0,0.0,0.2,0.0,0.0,5.0,0.2,0.0,0.2,0.0,2,0.4,0,2.0,1.4,0.4,0.28,0,2
618,55.57,0.11,0.2,0.022,0.0,0.2,0.0,0.11,5.0,0.2,0.0,0.2,0.0,2,0.4,0,2.0,1.422,0.4,0.2844,0,2
619,55.57,0.49,0.2,0.098,0.0,0.2,0.0,0.49,5.0,0.2,0.0,0.2,0.0,2,0.4,0,2.0,1.498,0.4,0.2996,0,2
620,55.57,0.41,0.2,0.082,0.0,0.2,0.0,0.41,5.0,0.2,0.0,0.2,0.0,2,0.4,0,2.0,1.482,0.4,0.2964,0,2
621,55.57,0.56,0.2,0.112,0.0,0.2,0.0,0.56,5.0,0.2,0.0,0.2,0.0,2,0.4,0,2.0,1.512,0.4,0.3024,0,2
622,55.57,0.87,0.2,0.174,0.0,0.2,0.0,0.87,5.0,0.2,0.1,0.2,0.02,2,0.4,0,2.0,1.594,0.4,0.3188,0,2
623,55.57,0.5,0.2,0.1,0.0,0.2,0.0,0.5,5.0,0.2,0.0,0.2,0.0,2,0.4,0,2.0,1.5,0.4,0.3,0,2
624,55.57,0.0,0.2,0.0,0.0,0.2,0.0,0.0,5.0,0.2,0.02,0.2,0.004,2,0.4,0,2.0,1.404,0.4,0.2808,0,2
625,55.57,0.38,0.2,0.076,0.49,0.2,0.098,0.87,5.0,0.2,0.0,0.2,0.0,2,0.4,0,2.0,1.574,0.4,0.3148,0,2
626,55.57,0.0,0.2,0.0,0.03,0.2,0.006,0.03,5.0,0.2,0.0,0.2,0.0,2,0.4,0,2.0,1.406,0.4,0.2812,0,2
627,55.57,0.17,0.2,0.034,0.0,0.2,0.0,0.17,5.0,0.2,0.0,0.2,0.0,2,0.4,0,2.0,1.434,0.4,0.2868,0,2
628,55.57,0.84,0.2,0.168,0.0,0.2,0.0,0.84,5.0,0.2,0.0,0.2,0.0,4,0.8,0,2.2,1.968,0.8,0.7872,0,2
629,55.57,0.49,0.2,0.098,4.78,0.6,2.868,5.27,5.0,0.2,0.0,0.2,0.0,2,0.4,0,3.2,4.366,0.4,0.8732,0,2
630,55.57,0.67,0.2,0.134,0.41,0.2,0.082,1.08,5.0,0.2,0.99,0.2,0.198,4,0.8,0,2.2,2.214,0.8,0.8856,0,2
631,55.57,0.45,0.2,0.09,8.27,0.6,4.962,8.72,5.0,0.2,9.43,0.4,3.772,4,0.8,0,3.6,10.624,0.8,4.2496,1,4
632,55.57,0.0,0.2,0.0,0.0,0.2,0.0,0.0,5.0,0.2,0.0,0.2,0.0,4,0.8,0,2.2,1.8,0.8,0.72,0,2
633,55.57,0.68,0.2,0.136,0.0,0.2,0.0,0.68,5.0,0.2,0.0,0.2,0.0,4,0.8,0,2.2,1.936,0.8,0.7744,0,2
634,55.57,0.99,0.2,0.198,0.0,0.2,0.0,0.99,5.0,0.2,0.0,0.2,0.0,4,0.8,0,2.2,1.998,0.8,0.7992,0,2
635,55.57,0.29,0.2,0.058,0.0,0.2,0.0,0.29,5.0,0.2,0.0,0.2,0.0,4,0.8,0,2.2,1.858,0.8,0.7432,0,2
636,55.57,1.67,0.4,0.668,0.0,0.2,0.0,1.67,5.0,0.2,0.06,0.2,0.012,4,0.8,0,2.4,2.48,0.8,0.992,0,2
637,55.57,1.05,0.4,0.42,2.17,0.6,1.302,3.22,5.0,0.2,0.0,0.2,0.0,4,0.8,0,3.6,3.522,0.8,1.4088,1,2
638,55.57,0.74,0.2,0.148,0.0,0.2,0.0,0.74,5.0,0.2,0.0,0.2,0.0,6,1.2,0,2.4,2.348,1.2,1.4088,1,2
639,55.57,0.0,0.2,0.0,0.0,0.2,0.0,0.0,5.0,0.2,0.0,0.2,0.0,6,1.2,0,2.4,2.2,1.2,1.32,1,2
640,55.57,0.51,0.2,0.102,1.36,0.4,0.544,1.87,5.0,0.2,0.0,0.2,0.0,2,0.4,0,2.6,2.046,0.4,0.4092,0,2
641,55.57,0.74,0.2,0.148,0.0,0.2,0.0,0.74,5.0,0.2,0.15,0.2,0.03,2,0.4,0,2.0,1.578,0.4,0.3156,0,2
642,55.57,0.23,0.2,0.046,0.0,0.2,0.0,0.23,5.0,0.2,0.09,0.2,0.0,2,0.4,0,2.0,1.446,0.4,0.2892,0,2
643,55.57,0.0,0.2,0.0,1.3,0.4,0.52,1.3,5.0,0.2,0.0,0.2,0.0,2,0.4,0,2.6,1.92,0.4,0.384,0,2
644,55.57,0.49,0.2,0.098,0.0,0.2,0.0,0.49,5.0,0.2,0.0,0.2,0.0,2,0.4,0,2.0,1.498,0.4,0.2996,0,2
645,55.57,0.73,0.2,0.146,0.0,0.2,0.0,0.73,5.0,0.2,0.0,0.2,0.0,2,0.4,0,2.0,1.546,0.4,0.3092,0,2
646,55.57,0.28,0.2,0.056,0.25,0.2,0.05,0.53,5.0,0.2,0.0,0.2,0.0,2,0.4,0,2.0,1.506,0.4,0.3012,0,2
648,55.57,0.21,0.2,0.042,0.0,0.2,0.0,0.21,5.0,0.2,0.0,0.2,0.0,2,0.4,0,2.0,1.442,0.4,0.2884,0,2
649,55.57,1.63,0.4,0.652,0.0,0.2,0.0,1.63,5.0,0.2,0.0,0.2,0.0,2,0.4,0,2.2,2.052,0.4,0.4104,0,2
650,55.57,0.8,0.2,0.16,0.0,0.2,0.0,0.8,5.0,0.2,0.0,0.2,0.0,2,0.4,0,2.0,1.56,0.4,0.312,0,2
651,55.57,0.0,0.2,0.0,0.0,0.2,0.0,0.0,5.0,0.2,0.0,0.2,0.0,2,0.4,0,2.0,1.4,0.4,0.28,0,2
652,55.57,0.83,0.2,0.166,0.0,0.2,0.0,0.83,5.0,0.2,0.0,0.2,0.0,2,0.4,0,2.0,1.566,0.4,0.3132,0,2
653,55.57,0.57,0.2,0.114,1.26,0.4,0.504,1.83,5.0,0.2,0.1,0.2,0.02,2,0.4,0,2.6,2.038,0.4,0.4076,0,2
654,55.57,0.71,0.2,0.142,0.0,0.2,0.0,0.71,5.0,0.2,0.0,0.2,0.0,2,0.4,0,2.0,1.542,0.4,0.3084,0,2
655,55.57,0.15,0.2,0.03,0.0,0.2,0.0,0.15,5.0,0.2,0.0,0.2,0.0,2,0.4,0,2.0,1.43,0.4,0.286,0,2
656,55.57,1.26,0.4,0.504,0.0,0.2,0.0,1.26,5.0,0.2,0.0,0.2,0.0,2,0.4,0,2.2,1.904,0.4,0.3808,0,2
657,55.57,0.0,0.2,0.0,0.0,0.2,0.0,0.0,5.0,0.2,0.01,0.2,0.002,2,0.4,0,2.0,1.402,0.4,0.2804,0,2
658,55.57,0.0,0.2,0.0,0.0,0.2,0.0,0.0,5.0,0.2,0.0,0.2,0.0,2,0.4,0,2.0,1.4,0.4,0.28,0,2
659,55.57,0.0,0.2,0.0,0.0,0.2,0.0,0.0,5.0,0.2,0.0,0.2,0.0,2,0.4,0,2.0,1.4,0.4,0.28,0,2
660,55.57,0.09,0.2,0.018,0.0,0.2,0.0,0.09,5.0,0.2,0.0,0.2,0.0,2,0.4,0,2.0,1.418,0.4,0.2836,0,2
661,55.57,0.51,0.2,0.102,0.03,0.2,0.006,0.54,5.0,0.2,0.0,0.2,0.0,2,0.4,0,2.0,1.508,0.4,0.3016,0,2
662,55.57,0.49,0.2,0.098,0.0,0.2,0.0,0.49,5.0,0.2,0.02,0.2,0.004,2,0.4,0,2.0,1.502,0.4,0.3004,0,2
663,55.57,1.1,0.4,0.44,0.0,0.2,0.0,1.1,5.0,0.2,0.0,0.2,0.0,2,0.4,0,2.2,1.84,0.4,0.368,0,2
664,55.57,1.14,0.4,0.456,0.0,0.2,0.0,1.14,5.0,0.2,0.0,0.2,0.0,4,0.8,0,2.4,2.256,0.8,0.9024,0,2
665,55.57,0.0,0.2,0.0,0.0,0.2,0.0,0.0,5.0,0.2,0.0,0.2,0.0,2,0.4,0,2.0,1.4,0.4,0.28,0,2
666,55.57,2.3,0.6,1.38,0.0,0.2,0.0,2.3,5.0,0.2,0.0,0.2,0.0,2,0.4,0,2.4,2.78,0.4,0.556,0,2
667,55.57,1.6,0.4,0.64,0.49,0.2,0.098,2.09,5.0,0.2,88.34,0.6,53.004,2,0.4,0,2.6,55.142,0.4,11.0284,1,6
668,55.57,1.49,0.4,0.596,0.0,0.2,0.0,1.49,5.0,0.2,0.0,0.2,0.0,2,0.4,0,2.2,1.996,0.4,0.3992,0,2
669,55.57,0.24,0.2,0.048,0.0,0.2,0.0,0.24,5.0,0.2,0.0,0.2,0.0,2,0.4,0,2.0,1.448,0.4,0.2896,0,2
670,55.57,0.42,0.2,0.084,0.0,0.2,0.0,0.42,5.0,0.2,0.0,0.2,0.0,2,0.4,0,2.0,1.484,0.4,0.2968,0,2
671,55.57,1.07,0.4,0.428,0.16,0.2,0.032,1.23,5.0,0.2,0.0,0.2,0.0,2,0.4,0,2.2,1.86,0.4,0.372,0,2
672,55.57,1.39,0.4,0.556,0.0,0.2,0.0,1.39,5.0,0.2,0.0,0.2,0.0,2,0.4,0,2.2,1.956,0.4,0.3912,0,2
673,55.57,0.07,0.2,0.014,0.0,0.2,0.0,0.07,5.0,0.2,0.0,0.2,0.0,2,0.4,0,2.0,1.414,0.4,0.2828,0,2
674,55.57,0.49,0.2,0.098,0.4,0.2,0.08,0.89,5.0,0.2,0.0,0.2,0.0,2,0.4,0,2.0,1.578,0.4,0.3156,0,2
675,55.57,0.88,0.2,0.176,0.54,0.2,0.108,1.42,5.0,0.2,0.11,0.2,0.022,2,0.4,0,2.0,1.706,0.4,0.3412,0,2
676,55.57,0.0,0.2,0.0,1.74,0.4,0.696,1.74,5.0,0.2,0.0,0.2,0.0,2,0.4,0,2.6,2.096,0.4,0.4192,0,2
677,55.57,1.28,0.4,0.512,0.0,0.2,0.0,1.28,5.0,0.2,0.22,0.2,0.044,2,0.4,0,2.2,1.956,0.4,0.3912,0,2
678,55.57,0.0,0.2,0.0,0.0,0.2,0.0,0.0,5.0,0.2,0.0,0.2,0.0,2,0.4,0,2.0,1.4,0.4,0.28,0,2
679,55.57,0.0,0.2,0.0,0.0,0.2,0.0,0.0,5.0,0.2,0.0,0.2,0.0,2,0.4,0,2.0,1.4,0.4,0.28,0,2
680,55.57,0.21,0.2,0.042,0.0,0.2,0.0,0.21,5.0,0.2,0.0,0.2,0.0,2,0.4,0,2.0,1.442,0.4,0.2884,0,2
681,55.57,0.92,0.2,0.184,0.0,0.2,0.0,0.92,5.0,0.2,0.0,0.2,0.0,2,0.4,0,2.0,1.584,0.4,0.3168,0,2
682,55.57,0.17,0.2,0.034,0.0,0.2,0.0,0.17,5.0,0.2,0.0,0.2,0.0,2,0.4,0,2.0,1.434,0.4,0.2868,0,2
683,55.57,0.26,0.2,0.052,0.0021,0.2,0.00042,0.2621,5.0,0.2,0.0,0.2,0.0,2,0.4,0,2.0,1.45242,0.4,0.290484,0,2
684,55.57,0.78,0.2,0.156,0.0,0.2,0.0,0.78,5.0,0.2,0.0,0.2,0.0,2,0.4,0,2.0,1.556,0.4,0.3112,0,2
685,55.57,0.98,0.2,0.196,0.0,0.2,0.0,0.98,5.0,0.2,0.0,0.2,0.0,2,0.4,0,2.0,1.596,0.4,0.3192,0,2
686,55.57,0.27,0.2,0.054,0.0017,0.2,0.00034,0.2717,5.0,0.2,0.0,0.2,0.0,2,0.4,0,2.0,1.45434,0.4,0.290868,0,2
687,55.57,0.41,0.2,0.082,0.11,0.2,0.022,0.52,5.0,0.2,0.0,0.2,0.0,2,0.4,0,2.0,1.504,0.4,0.3008,0,2
688,55.57,0.74,0.2,0.148,0.0,0.2,0.0,0.74,5.0,0.2,0.71,0.2,0.142,2,0.4,0,2.0,1.69,0.4,0.338,0,2
689,55.57,0.82,0.2,0.164,2.92,0.6,1.752,3.74,5.0,0.2,0.0,0.2,0.0,2,0.4,0,3.2,3.316,0.4,0.6632,0,2
690,55.57,0.0,0.2,0.0,11.68,0.6,7.008,11.68,5.0,0.2,0.0,0.2,0.0,2,0.4,0,3.2,8.408,0.4,1.6816,1,2
691,55.57,0.61,0.2,0.122,0.0,0.2,0.0,0.61,5.0,0.2,0.0,0.2,0.0,2,0.4,0,2.0,1.522,0.4,0.3044,0,2
692,55.57,0.62,0.2,0.124,0.47,0.2,0.094,1.09,5.0,0.2,0.58,0.2,0.116,2,0.4,0,2.0,1.734,0.4,0.3468,0,2
693,55.57,0.0,0.2,0.0,0.0,0.2,0.0,0.0,5.0,0.2,3.57,0.2,0.714,2,0.4,0,2.0,2.114,0.4,0.4228,0,2
694,55.57,0.0,0.2,0.0,0.0,0.2,0.0,0.0,5.0,0.2,0.0,0.2,0.0,2,0.4,0,2.0,1.4,0.4,0.28,0,2
695,55.57,0.0,0.2,0.0,0.0,0.2,0.0,0.0,5.0,0.2,0.0,0.2,0.0,2,0.4,0,2.0,1.4,0.4,0.28,0,2
696,55.57,0.0,0.2,0.0,0.0,0.2,0.0,0.0,5.0,0.2,0.0,0.2,0.0,2,0.4,0,2.0,1.4,0.4,0.28,0,2
697,55.57,1.08,0.4,0.432,0.0,0.2,0.0,1.08,5.0,0.2,0.0,0.2,0.0,2,0.4,0,2.2,1.832,0.4,0.3664,0,2
698,55.57,0.7,0.2,0.14,0.0,0.2,0.0,0.7,5.0,0.2,0.0,0.2,0.0,2,0.4,0,2.0,1.54,0.4,0.308,0,2
699,55.57,1.36,0.4,0.544,0.0,0.2,0.0,1.36,5.0,0.2,0.0,0.2,0.0,2,0.4,0,2.2,1.944,0.4,0.3888,0,2
700,55.57,0.0,0.2,0.0,5.24,0.6,3.144,5.24,5.0,0.2,0.0,0.2,0.0,2,0.4,0,3.2,4.544,0.4,0.9088,0,2
701,55.57,0.32,0.2,0.064,0.17,0.2,0.034,0.49,5.0,0.2,0.0,0.2,0.0,2,0.4,0,2.0,1.498,0.4,0.2996,0,2
702,55.57,0.33,0.2,0.066,0.0013,0.2,0.00026,0.3313,5.0,0.2,0.0,0.2,0.0,2,0.4,0,2.0,1.46626,0.4,0.293252,0,2
703,55.57,1.08,0.4,0.432,0.92,0.2,0.184,2.0,5.0,0.2,0.04,0.2,0.008,2,0.4,0,2.2,2.024,0.4,0.4048,0,2
704,55.57,0.0,0.2,0.0,0.0,0.2,0.0,0.0,5.0,0.2,0.0,0.2,0.0,2,0.4,0,2.0,1.4,0.4,0.28,0,2
705,55.57,0.6,0.2,0.12,0.0,0.2,0.0,0.6,5.0,0.2,0.0,0.2,0.0,2,0.4,0,2.0,1.52,0.4,0.304,0,2
706,55.57,0.76,0.2,0.152,0.0,0.2,0.0,0.76,5.0,0.2,0.0,0.2,0.0,2,0.4,0,2.0,1.552,0.4,0.3104,0,2
707,55.57,0.0,0.2,0.0,2.99,0.6,1.794,2.99,5.0,0.2,0.06,0.2,0.012,2,0.4,0,3.2,3.206,0.4,0.6412,0,2
708,55.57,0.0,0.2,0.0,0.0,0.2,0.0,0.0,5.0,0.2,0.0,0.2,0.0,2,0.4,0,2.0,1.4,0.4,0.28,0,2
709,55.57,0.49,0.2,0.098,0.28,0.2,0.056,0.77,5.0,0.2,0.07,0.2,0.014,2,0.4,0,2.0,1.568,0.4,0.3136,0,2
710,55.57,0.0,0.2,0.0,0.81,0.2,0.162,0.81,5.0,0.2,0.0,0.2,0.0,2,0.4,0,2.0,1.562,0.4,0.3124,0,2
711,55.57,0.41,0.2,0.082,0.0,0.2,0.0,0.41,5.0,0.2,0.0,0.2,0.0,2,0.4,0,2.0,1.482,0.4,0.2964,0,2
712,55.57,0.0,0.2,0.0,0.0,0.2,0.0,0.0,5.0,0.2,0.0,0.2,0.0,2,0.4,0,2.0,1.4,0.4,0.28,0,2
713,55.57,0.82,0.2,0.164,0.0,0.2,0.0,0.82,5.0,0.2,0.0,0.2,0.0,2,0.4,0,2.0,1.564,0.4,0.3128,0,2
714,55.57,0.32,0.2,0.064,0.0009,0.2,0.00018,0.3209,5.0,0.2,0.0,0.2,0.0,2,0.4,0,2.0,1.46418,0.4,0.292836,0,2
715,55.57,0.0,0.2,0.0,0.0,0.2,0.0,0.0,5.0,0.2,0.0,0.2,0.0,2,0.4,0,2.0,1.4,0.4,0.28,0,2
716,55.57,0.0,0.2,0.0,0.0,0.2,0.0,0.0,5.0,0.2,0.0,0.2,0.0,6,1.2,0,2.4,2.2,1.2,1.32,1,2
717,55.57,1.06,0.4,0.424,0.63,0.2,0.126,1.69,5.0,0.2,0.9,0.2,0.18,6,1.2,0,2.6,2.93,1.2,1.758,1,2
718,55.57,0.0,0.2,0.0,0.0,0.2,0.0,0.0,5.0,0.2,0.0,0.2,0.0,2,0.4,0,2.0,1.4,0.4,0.28,0,2
719,55.57,0.0,0.2,0.0,0.0,0.2,0.0,0.0,5.0,0.2,0.13,0.2,0.026,2,0.4,0,2.0,1.426,0.4,0.2852,0,2
720,55.57,0.0,0.2,0.0,0.0,0.2,0.0,0.0,5.0,0.2,0.0,0.2,0.0,2,0.4,0,2.0,1.4,0.4,0.28,0,2
721,55.57,0.51,0.2,0.102,1.63,0.4,0.652,2.14,5.0,0.2,1.8,0.2,0.36,2,0.4,0,2.6,2.514,0.4,0.5028,0,2
722,55.57,1.06,0.4,0.424,0.0,0.2,0.0,1.06,5.0,0.2,0.0,0.2,0.0,2,0.4,0,2.2,1.824,0.4,0.3648,0,2
723,55.57,0.71,0.2,0.142,0.25,0.2,0.05,0.96,5.0,0.2,0.0,0.2,0.0,2,0.4,0,2.0,1.592,0.4,0.3184,0,2
724,55.57,0.0,0.2,0.0,8.49,0.6,5.094,8.49,5.0,0.2,0.43,0.2,0.086,2,0.4,0,3.2,6.58,0.4,1.316,1,2
725,55.57,1.6,0.4,0.64,0.0,0.2,0.0,1.6,5.0,0.2,0.0,0.2,0.0,2,0.4,0,2.2,2.04,0.4,0.408,0,2
726,55.57,0.3,0.2,0.06,0.0023,0.2,0.00046,0.3023,5.0,0.2,0.0,0.2,0.0,2,0.4,0,2.0,1.46046,0.4,0.292092,0,2
727,55.57,0.47,0.2,0.094,0.46,0.2,0.092,0.93,5.0,0.2,0.42,0.2,0.084,2,0.4,0,2.0,1.67,0.4,0.334,0,2
728,55.57,0.0,0.2,0.0,0.0,0.2,0.0,0.0,5.0,0.2,0.02,0.2,0.004,2,0.4,0,2.0,1.404,0.4,0.2808,0,2
729,55.57,1.19,0.4,0.476,0.0,0.2,0.0,1.19,5.0,0.2,0.0,0.2,0.0,2,0.4,0,2.2,1.876,0.4,0.3752,0,2
730,55.57,0.0,0.2,0.0,1.29,0.4,0.516,1.29,5.0,0.2,0.0,0.2,0.0,2,0.4,0,2.6,1.916,0.4,0.3832,0,2
731,55.57,0.7,0.2,0.14,0.79,0.2,0.158,1.49,5.5,0.4,1.91,0.2,0.382,2,0.4,0,2.4,3.28,0.4,0.656,0,2
732,55.57,0.83,0.2,0.166,0.0,0.2,0.0,0.83,5.0,0.2,0.14,0.2,0.028,2,0.4,0,2.0,1.594,0.4,0.3188,0,2
733,55.57,0.74,0.2,0.148,0.0,0.2,0.0,0.74,5.0,0.2,2.4,0.2,0.48,2,0.4,0,2.0,2.028,0.4,0.4056,0,2
734,55.57,0.2,0.2,0.04,0.0,0.2,0.0,0.2,5.0,0.2,0.0,0.2,0.0,2,0.4,0,2.0,1.44,0.4,0.288,0,2
735,55.57,1.4,0.4,0.56,0.06,0.2,0.012,1.46,5.0,0.2,0.0,0.2,0.0,2,0.4,0,2.2,1.972,0.4,0.3944,0,2
736,55.57,0.4,0.2,0.08,0.0025,0.2,0.0005,0.4025,5.0,0.2,0.0,0.2,0.0,2,0.4,0,2.0,1.4805,0.4,0.2961,0,2
737,55.57,0.85,0.2,0.17,1.0,0.4,0.4,1.85,5.0,0.2,0.4,0.2,0.08,2,0.4,0,2.6,2.05,0.4,0.41,0,2
738,55.57,0.0,0.2,0.0,0.88,0.2,0.176,0.88,5.0,0.2,0.07,0.2,0.014,2,0.4,0,2.0,1.59,0.4,0.318,0,2
739,55.57,0.0,0.2,0.0,0.0,0.2,0.0,0.0,5.0,0.2,0.0,0.2,0.0,2,0.4,0,2.0,1.4,0.4,0.28,0,2
740,55.57,1.12,0.4,0.448,0.0,0.2,0.0,1.12,5.0,0.2,0.0,0.2,0.0,2,0.4,0,2.2,1.848,0.4,0.3696,0,2
741,55.57,1.28,0.4,0.512,0.0,0.2,0.0,1.28,5.0,0.2,0.0,0.2,0.0,2,0.4,0,2.2,1.912,0.4,0.3824,0,2
742,55.57,0.0,0.2,0.0,0.0,0.2,0.0,0.0,5.0,0.2,0.0,0.2,0.0,2,0.4,0,2.0,1.4,0.4,0.28,0,2
743,55.57,0.0,0.2,0.0,1.16,0.4,0.464,1.16,5.0,0.2,0.0,0.2,0.0,2,0.4,0,2.6,1.864,0.4,0.3728,0,2
744,55.57,0.1,0.2,0.02,0.0,0.2,0.0,0.1,5.0,0.2,0.0,0.2,0.0,2,0.4,0,2.0,1.42,0.4,0.284,0,2
745,55.57,1.06,0.4,0.424,1.6,0.4,0.64,2.66,5.0,0.2,16.09,0.6,9.654,2,0.4,0,3.2,12.118,0.4,2.4236,1,6
746,55.57,0.25,0.2,0.05,0.0017,0.2,0.00034,0.2517,5.0,0.2,0.0,0.2,0.0,2,0.4,0,2.0,1.45034,0.4,0.290068,0,2
747,55.57,0.31,0.2,0.062,0.0015,0.2,0.0003,0.3115,5.0,0.2,0.0,0.2,0.0,2,0.4,0,2.0,1.4623,0.4,0.29246,0,2
748,55.57,0.0,0.2,0.0,0.0,0.2,0.0,0.0,5.0,0.2,0.0,0.2,0.0,2,0.4,0,2.0,1.4,0.4,0.28,0,2
749,55.57,0.84,0.2,0.168,0.0,0.2,0.0,0.84,5.0,0.2,0.0,0.2,0.0,2,0.4,0,2.0,1.568,0.4,0.3136,0,2
750,55.57,1.09,0.4,0.436,0.0,0.2,0.0,1.09,5.0,0.2,0.0,0.2,0.0,2,0.4,0,2.2,1.836,0.4,0.3672,0,2
751,55.57,1.29,0.4,0.516,0.0,0.2,0.0,1.29,5.0,0.2,0.0,0.2,0.0,2,0.4,0,2.2,1.916,0.4,0.3832,0,2
752,55.57,0.51,0.2,0.102,0.37,0.2,0.074,0.88,5.0,0.2,0.0,0.2,0.0,2,0.4,0,2.0,1.576,0.4,0.3152,0,2
753,55.57,0.09,0.2,0.018,0.0,0.2,0.0,0.09,5.0,0.2,0.0,0.2,0.0,2,0.4,0,2.0,1.418,0.4,0.2836,0,2
754,55.57,0.39,0.2,0.078,0.91,0.2,0.182,1.3,5.0,0.2,0.0,0.2,0.0,2,0.4,0,2.0,1.66,0.4,0.332,0,2
755,55.57,1.07,0.4,0.428,0.0,0.2,0.0,1.07,5.0,0.2,0.0,0.2,0.0,2,0.4,0,2.2,1.828,0.4,0.3656,0,2
756,55.57,0.0,0.2,0.0,0.0,0.2,0.0,0.0,5.0,0.2,0.0,0.2,0.0,2,0.4,0,2.0,1.4,0.4,0.28,0,2
757,55.57,0.5,0.2,0.1,2.97,0.6,1.782,3.47,5.0,0.2,0.18,0.2,0.036,2,0.4,0,3.2,3.318,0.4,0.6636,0,2
758,55.57,0.49,0.2,0.098,0.55,0.2,0.11,1.04,5.0,0.2,0.0,0.2,0.0,2,0.4,0,2.0,1.608,0.4,0.3216,0,2
759,55.57,0.84,0.2,0.168,0.65,0.2,0.13,1.49,5.0,0.2,0.0,0.2,0.0,2,0.4,0,2.0,1.698,0.4,0.3396,0,2
760,55.57,0.9,0.2,0.18,1.11,0.4,0.444,2.01,5.0,0.2,0.0,0.2,0.0,2,0.4,0,2.6,2.024,0.4,0.4048,0,2
761,55.57,0.0,0.2,0.0,0.0,0.2,0.0,0.0,5.0,0.2,0.0,0.2,0.0,2,0.4,0,2.0,1.4,0.4,0.28,0,2
762,55.57,0.59,0.2,0.118,0.0,0.2,0.0,0.59,5.0,0.2,0.0,0.2,0.0,2,0.4,0,2.0,1.518,0.4,0.3036,0,2
763,55.57,0.02,0.2,0.004,0.0,0.2,0.0,0.02,5.0,0.2,0.0,0.2,0.0,2,0.4,0,2.0,1.404,0.4,0.2808,0,2
764,55.57,1.48,0.4,0.592,4.48,0.6,2.688,5.96,5.0,0.2,0.0,0.2,0.0,2,0.4,0,3.4,4.68,0.4,0.936,0,2
765,55.57,0.0,0.2,0.0,3.3,0.6,1.98,3.3,5.0,0.2,0.0,0.2,0.0,2,0.4,0,3.2,3.38,0.4,0.676,0,2
766,55.57,0.8,0.2,0.16,0.57,0.2,0.114,1.37,5.0,0.2,0.0,0.2,0.0,2,0.4,0,2.0,1.674,0.4,0.3348,0,2
767,55.57,0.36,0.2,0.072,0.54,0.2,0.108,0.9,5.0,0.2,0.21,0.2,0.042,2,0.4,0,2.0,1.622,0.4,0.3244,0,2
768,55.57,0.44,0.2,0.088,0.53,0.2,0.106,0.97,5.0,0.2,0.0,0.2,0.0,2,0.4,0,2.0,1.594,0.4,0.3188,0,2
769,55.57,0.51,0.2,0.102,0.5,0.2,0.1,1.01,5.0,0.2,0.09,0.2,0.018,2,0.4,0,2.0,1.62,0.4,0.324,0,2
770,55.57,0.75,0.2,0.15,0.45,0.2,0.09,1.2,5.0,0.2,0.0,0.2,0.0,2,0.4,0,2.0,1.64,0.4,0.328,0,2
771,55.57,0.49,0.2,0.098,0.4,0.2,0.08,0.89,5.0,0.2,0.0,0.2,0.0,2,0.4,0,2.0,1.578,0.4,0.3156,0,2
772,55.57,0.47,0.2,0.094,0.37,0.2,0.074,0.84,5.0,0.2,0.0,0.2,0.0,2,0.4,0,2.0,1.568,0.4,0.3136,0,2
773,55.57,0.24,0.2,0.048,0.04,0.2,0.008,0.28,5.0,0.2,0.0,0.2,0.0,2,0.4,0,2.0,1.456,0.4,0.2912,0,2
774,55.57,0.2,0.2,0.04,0.0,0.2,0.0,0.2,5.0,0.2,0.0,0.2,0.0,2,0.4,0,2.0,1.44,0.4,0.288,0,2
775,55.57,0.0,0.2,0.0,0.0,0.2,0.0,0.0,5.0,0.2,0.32,0.2,0.064,2,0.4,0,2.0,1.464,0.4,0.2928,0,2
